"Output5","F1","F2","F3","F4","F5","F6","F7","F8","F9","F10","F11"
"Class1","E",71.751,40.746,92.916,"Y",42,65.738,46.211,54.726,25,3
"Class3",NA,69.941,79.806,0.416,"A",79,70.352,71.215,53.952,40,50
"Class2","D",89.463,39.18,51.28,"U",46,69.78,26.382,72.619,41,55
"Class3","C",70.481,106.534,31.158,"A",64,63.846,60.615,35.641,15,77
"Class3","J",66.694,80.934,21.746,"N",62,60.628,45.883,41.877,73,NA
"Class1","F",71.634,50.589,93.176,"G",61,59.916,42.259,31.153,22,14
"Class2","R",94.008,45.882,55.785,"H",41,77.851,25.721,50.076,89,52
"Class3","J",70.533,75.947,34.452,"E",81,70.211,56.213,41.54,30,33
"Class1","P",72.037,28.29,88.51,"Y",80,77.265,29.237,53.421,22,3
"Class3","Z",69.168,65.938,33.304,"N",65,69.068,67.475,33.995,74,46
"Class3","J",71.645,79.913,29.347,"A",78,64.996,39.716,46.981,20,77
"Class3","Z",71.351,89.927,13.023,"E",67,53.067,65.462,51.773,83,37
"Class3","E",71.066,76.059,0.306,"L",66,52.547,67.942,31.057,66,23
"Class3",NA,68.219,35.017,13.236,"O",66,71.135,42.709,47.025,61,42
"Class2","R",98.377,59.585,47.795,"K",42,41.763,28.192,45.255,45,58
"Class3","Z",70.499,44.765,3.646,"L",61,86.276,56.641,57.678,16,78
"Class3","C",70.001,90.039,11.652,"L",59,66.877,54.109,32.704,76,65
"Class3","C",72.53,88.962,34.353,"N",72,73.167,61.887,41.563,24,69
"Class3",NA,71.083,96.559,25.98,"E",66,61.366,67.068,47.85,48,33
"Class2","C",72.066,67.465,49.486,"K",41,80.351,7.877,20.022,52,NA
"Class2","C",81.611,57.553,53.834,"H",45,68.741,4.306,64.193,91,52
"Class2","C",77.777,63.648,48.167,"U",43,84.184,13.857,23.106,68,58
"Class1","P",72.017,41.047,88.974,"D",63,83.592,34.243,42.382,24,8
"Class1","Q",71.216,44.946,92.471,"D",42,87.019,35.041,15.292,20,12
"Class2","R",88.73,57.986,47.775,"K",41,90.652,3.951,70.666,36,58
"Class2","A",77.929,47.193,59.577,"A",40,41.147,29.954,22.724,75,61
"Class2","A",89.638,64.194,47.048,"U",37,55.259,30.115,34.461,96,51
"Class3","E",69.241,65.568,21.024,"E",75,65.619,39.098,49.364,46,30
"Class3","C",70.308,51.441,10.974,"N",79,55.877,55.523,46.176,81,17
"Class2","P",90,40.541,47.038,"H",44,88.503,27.467,72.722,48,52
"Class3","Z",69.984,52.558,8.725,"N",58,63.384,48.79,32.899,74,19
"Class2","C",82.799,70.068,58.649,"A",39,79.731,26.958,48.027,77,54
"Class2","A",76.042,43.398,46.788,"K",39,91.447,21.409,73.201,47,55
"Class1","P",71.468,18.882,89.931,"D",65,83.15,53.764,15.143,23,13
"Class2","P",91.789,52.955,47.019,"Q",38,48.962,25.467,13.269,54,52
"Class1","Q",71.699,38.166,90.059,"U",42,65.446,47.709,45.94,31,3
"Class1","E",70.965,27.423,92.838,"D",68,80.302,33.41,32.724,21,10
"Class3","Z",69.731,44.646,34.068,"E",73,54.125,64.039,53.96,20,36
"Class1","E",71.227,29.736,89.743,"Y",49,77.14,51.811,40.405,32,11
"Class2","A",84.16,76.104,46.292,"K",42,84.677,18.881,31.581,50,59
"Class2","R",85.216,48.139,47.715,"A",46,60.953,21.924,12.45,77,61
"Class3","Z",67.227,70.735,20.761,"E",62,55.217,50.903,56.444,35,16
"Class2","D",85.927,48.595,54.605,"Q",36,53.336,15.068,35.168,77,60
"Class1","P",71.211,34.313,91.864,"Y",58,66.226,54.319,53.856,24,13
"Class1","H",71.34,37.61,88.682,"G",78,76.664,45.981,46.476,28,5
"Class2","R",82.116,40.691,54.638,"H",43,70.733,12.415,60.976,80,51
"Class1","H",71.201,47.187,90.421,"N",82,73.961,53.113,64.743,25,11
"Class1","Q",71.859,10.462,93.294,"U",84,81.852,35.166,82.43,22,8
"Class3","X",71.033,87.639,32.272,"E",65,68.869,67.347,29.598,68,64
"Class1","F",71.477,26.331,88.812,"U",55,78.722,29.737,72.23,22,6
"Class2","P",78.648,43.589,48.27,"U",40,63.037,4.432,83.171,85,59
"Class2",NA,80.997,44.5,59.036,"A",42,78.229,24.454,20.177,47,51
"Class3","Z",68.901,93.255,33.958,"A",74,64.916,64.642,56.926,59,41
"Class2","C",85.158,58.287,48.042,"H",42,47.088,22.025,59.509,61,54
"Class1","E",71.749,19.993,93.688,"Y",58,72.584,45.012,73.801,20,13
"Class1","E",71.477,41.073,91.577,"Y",61,68.324,40.993,60.944,25,9
"Class3","J",68.841,84.948,8.39,"L",57,78.292,65.904,57.102,81,36
"Class1","Q",72.019,34.849,90.799,"D",54,83.477,42.953,18.621,23,14
"Class3","Z",71.43,69.837,19.58,"O",67,46.038,71.33,47.389,38,NA
"Class2",NA,79.78,58.342,53.662,"K",42,80.478,24.528,55.445,68,51
"Class2","A",74.149,75.552,51.57,"Q",40,44.485,3.694,76.494,38,52
"Class2","D",90.389,61.025,52.736,"A",39,83.679,16.101,84.921,67,58
"Class2","D",81.551,54.243,57.247,"K",38,72.721,9.567,52.341,73,52
"Class2","D",79.07,46.03,49.891,"K",39,67.539,11.388,68.457,35,59
"Class2","C",83.317,67.453,57.126,"U",36,87.488,9.447,78.655,98,55
"Class2","R",70.64,44.81,49.206,"A",39,78.775,29.168,14.333,76,61
"Class2","A",76.43,54.653,59.351,"H",43,60.356,24.643,31.852,60,54
"Class3","C",70.072,95.513,31.05,"O",81,56.635,41.027,29.879,57,15
"Class1","F",72.124,35.484,87.491,"D",47,78.192,40.502,94.205,23,8
"Class1","E",71.574,13.465,87.734,"D",81,68.287,30.882,14.367,20,3
"Class1","F",70.95,32.683,89.506,"U",66,74.971,53.211,52.26,24,NA
"Class1","F",70.748,39.569,91.104,"G",61,79.21,54.252,49.54,26,12
"Class1","F",71.103,23.348,89.535,"Y",62,72.062,34.982,36.121,23,10
"Class1","Q",71.3,57.922,89.971,"U",65,74.832,46.872,59.904,24,10
"Class1","P",71.307,50.564,93.84,"D",47,77.498,25.751,45.54,23,NA
"Class2","P",86.599,62.078,56.533,"K",39,78.226,6.503,17.329,42,57
"Class2","P",85.328,52.99,53.29,"A",41,102.169,23.589,65.761,38,53
"Class3","J",69.728,63.924,5.27,"E",74,66.732,37.719,49.508,67,68
"Class1","H",71.371,26.679,88.3,"Y",87,61.426,26.119,37.834,32,8
"Class1","Q",71.355,51.63,90.536,"Y",47,71.572,35.226,14.824,29,6
"Class1","Q",71.844,54.217,92.065,"G",73,84.34,54.781,76.104,22,3
"Class3",NA,70.372,74.025,12.442,"E",75,67.918,57.86,50.533,64,21
"Class3","E",68.044,54.103,32.368,"O",66,48.223,53.544,48.519,75,45
"Class1","E",71.764,37.76,87.38,"D",77,75.113,36.849,84.806,22,8
"Class1","F",71.109,32.65,93.681,"U",83,69.103,46.573,15.219,23,9
"Class3","Z",67.759,73.817,24.938,"O",59,63.4,55.235,52.245,29,77
"Class2","C",91.04,77.636,51.011,"U",40,66.767,7.379,17.393,39,56
"Class1","E",71.668,42.05,87.582,"N",71,69.754,44.751,71.874,29,6
"Class3","E",67.184,60.127,29.939,"L",61,61.931,58.628,42.002,46,42
"Class3","E",69.243,60.886,12.174,"A",78,60.434,44.453,45.479,77,22
"Class1","E",71.253,31.224,88.889,"U",85,74.439,40.879,28.612,28,14
"Class3",NA,71.279,56.935,10.277,"O",62,55.746,59.583,37.437,68,37
"Class2","C",79.089,53.829,52.583,"A",44,67.231,6.966,41.658,49,53
"Class3","C",72.099,46.214,30.981,"A",77,66.58,69.968,31.707,47,26
"Class2","A",78.139,86.247,55.398,"U",37,71.514,7.693,55.338,80,57
"Class2","A",60.798,40.976,50.085,"K",45,81.424,12.115,11.763,72,53
"Class1",NA,71.748,40.303,91.307,"U",56,71.129,31.784,70.087,25,11
"Class1","F",71.413,51.051,87.41,"D",87,51.295,49.829,49.361,23,13
"Class3","J",74.557,71.58,2.511,"O",77,79.613,47.388,46.848,19,28
"Class3","Z",70.768,61.63,30.473,"L",81,63.825,41.386,50.197,66,82
"Class3",NA,69.058,78,22.726,"E",64,62.234,65.618,45.247,35,68
"Class2","R",86.979,48.021,48.334,"A",43,124.516,15.126,72.951,61,60
"Class1","P",71.77,33.725,90.267,"D",55,69.765,57.786,34.998,29,NA
"Class2","P",68.135,37.754,59.939,"U",38,116.327,4.04,59.502,69,59
"Class3","E",70.701,83.095,26.902,"E",58,65.445,54.993,44.653,18,39
"Class2","P",94.837,41.914,56.815,"U",41,75.721,19.556,22.288,44,61
"Class3","Z",67.332,63.172,21.512,"A",82,68.423,58.934,30.599,78,NA
"Class1",NA,71.271,41.216,92.968,"G",81,81.371,43.204,42.438,27,8
"Class1","E",72.435,50.767,92.22,"N",69,78.906,35.059,93.313,31,7
"Class1",NA,71.2,46.678,89.005,"N",68,80.777,37.545,52.216,22,9
"Class1","H",70.317,35.999,88.859,"U",71,83.824,42.95,59.108,22,6
"Class1","E",71.66,37.209,87.723,"U",59,69.216,38.891,17.534,22,4
"Class2","P",81.52,47.464,52.921,"A",41,55.935,6.418,48.432,91,NA
"Class2","A",83.975,41.142,52.656,"H",40,47.815,26.44,84.526,70,57
"Class3","C",69.097,44.903,29.154,"E",82,64.421,50.556,40.181,18,38
"Class2","A",82.869,57.155,50.589,"A",41,63.085,19.754,27.481,76,56
"Class2","A",90.81,59.758,53.538,"U",40,55.662,3.641,59.6,69,58
"Class3","J",69.4,85.784,14.222,"A",81,54.908,54.958,55.057,67,56
"Class1","H",71.615,56.992,91.133,"N",65,78.738,57.255,47.183,32,10
"Class3","J",69.176,47.36,30.008,"A",74,85.735,40.543,32.16,86,28
"Class3","E",70.935,64.9,33.091,"O",68,67.372,41.983,40.484,65,22
"Class3","C",68.632,63.385,13.963,"N",71,52.838,67.037,50.078,18,19
"Class3","Z",69.576,70.511,13.839,"L",59,55.826,55.081,33.095,52,75
"Class3","Z",69.119,77.509,33.21,"N",58,77.339,39.754,41.755,56,57
"Class3","J",71.557,79.081,26.312,"A",79,61.68,53.724,45.768,85,32
"Class2","A",80.253,60.71,47.634,"U",44,47.45,7.06,17.874,84,59
"Class2","D",75.813,49.724,47.15,"Q",36,63.705,6.628,9.404,59,60
"Class1","H",71.979,22.937,93.422,"G",64,78.08,49.939,26.08,27,13
"Class1",NA,71.989,35.834,92.742,"U",56,72.703,58.761,84.11,27,3
"Class3","C",66,56.355,33.927,"L",66,62.364,42.561,57.094,34,73
"Class2","D",79.187,45.71,52.934,"Q",46,39.216,12.246,17.661,61,53
"Class2",NA,70.162,49.859,48.758,"A",36,66.063,30.7,54.575,52,59
"Class1","P",71.584,18.612,91.008,"Y",64,81.682,26.722,20.467,21,3
"Class3","X",68.226,69.286,24.431,"N",70,64.29,64.775,39.801,89,62
"Class3","X",73.629,59.773,31.608,"E",80,76.793,49.285,46.222,60,74
"Class1","F",71.351,48.749,91.667,"D",69,57.865,46.552,92.355,24,7
"Class1","Q",71.894,16.382,88.225,"D",84,71.797,34.142,55.741,21,6
"Class2","P",77.389,63.924,56.997,"A",38,56.248,18.58,30.091,83,61
"Class2","C",83.148,83.026,50.898,"U",43,55.401,14.288,26.315,92,59
"Class3","X",71.546,55.166,16.765,"L",68,73.818,47.578,37.267,20,65
"Class2","C",91.07,57.352,51.446,"A",42,75.438,8.69,13.513,33,NA
"Class3","X",65.748,73.827,35.582,"E",77,78.473,54.114,35.593,84,51
"Class1","E",71.364,36.001,89.263,"D",45,64.171,45.795,71.615,20,13
"Class2","C",85.539,50.976,54.649,"H",39,11.231,4.091,11.415,60,51
"Class1","F",72.023,28.196,87.507,"G",52,83.414,42.798,68.454,31,10
"Class2","P",72.755,50.407,55.029,"H",43,96.88,10.637,42.14,72,52
"Class3","X",66.633,55.795,9.882,"L",76,64.029,61.111,54.779,34,22
"Class3","X",65.839,104.924,21.996,"A",66,52.446,46.402,58.09,70,55
"Class2","A",85.969,57.764,58.84,"U",46,93.971,17.555,81.026,59,52
"Class1","P",71.409,36.53,91.661,"Y",71,67.227,47.635,87.401,20,10
"Class1","Q",71.631,26.162,89.525,"D",74,88.237,59.094,22.194,26,12
"Class3","Z",69.721,80.328,16.214,"O",75,64.744,70.242,39.443,26,23
"Class3","E",70.961,71.122,18.147,"A",65,59.953,57.304,54.413,19,74
"Class1","E",71.287,16.471,87.242,"N",41,69.829,59.553,37.355,28,9
"Class1","F",71.853,31.127,93.696,"D",69,78.747,33.039,64.552,29,11
"Class2","D",83.715,60.759,56.584,"H",46,86.725,24.991,32.814,64,55
"Class3","Z",68.554,70.273,5.902,"A",59,68.599,44.169,52.024,58,36
"Class2","A",80.33,70.395,49.033,"A",38,74.426,20.49,17.044,86,60
"Class3","J",73.704,73.86,16.404,"N",78,63.991,50.702,47.194,80,56
"Class1","F",71.184,40.183,90.709,"G",83,71.344,51.914,63.959,20,12
"Class1","H",72.002,58.11,93.412,"N",81,73.381,32.513,57.731,26,3
"Class3","Z",73.442,77.496,34.273,"L",58,60.944,37.065,50.421,75,65
"Class2","D",72.256,60.096,59.069,"Q",43,69.044,30.805,23.759,66,NA
"Class2",NA,81.444,57.258,57.963,"K",39,57.796,27.345,36.535,68,57
"Class3","C",66.707,87.391,30.876,"O",69,63.392,69.382,37.325,20,69
"Class3","J",68.931,84.992,33.798,"N",59,57.155,54.512,44.17,81,NA
"Class3","E",71.543,82.878,5.458,"A",60,70.828,48.382,32.319,55,40
"Class1","F",71.819,34.971,93.867,"Y",76,75.004,27.624,55.524,20,10
"Class1","H",71.474,28.487,91.97,"N",52,74.803,46.001,47.442,26,8
"Class1","F",70.99,15.42,92.063,"N",87,59.734,41.258,17.064,23,9
"Class1","Q",71.308,47.075,91.711,"N",82,86.036,27.451,27.527,31,9
"Class3","Z",71.516,66.491,24.495,"L",62,50.4,37.484,48.205,73,76
"Class1",NA,71.43,27.99,89.253,"Y",46,59.261,38.571,38.254,22,3
"Class2","D",77.441,47.708,55.349,"H",39,80.554,22.948,81.445,50,59
"Class2","P",83.078,43.09,53.717,"K",41,46.645,28.182,68.862,57,52
"Class1","H",70.942,61.773,87.018,"G",62,73.381,40.497,32.55,23,NA
"Class3","X",68.28,65.901,0.102,"N",77,71.153,52.344,44.289,51,70
"Class1","H",71.239,51.616,90.268,"Y",55,82.724,26.126,65.735,23,13
"Class3","J",68.493,90.333,20.621,"O",71,71.51,48.54,32.838,73,69
"Class2","C",76.999,44.037,50.167,"A",45,77.542,21.562,21.97,46,59
"Class2","P",89.518,65.855,51.126,"Q",39,74.035,3.898,39.925,85,56
"Class3","Z",64.594,30.242,20.436,"N",75,83.518,58.991,29.451,36,20
"Class1","F",71.541,18.166,87.875,"U",39,89.129,43.176,81.088,30,5
"Class2","A",81.075,31.608,53.741,"K",46,100.729,3.676,79.639,44,53
"Class1","P",71.717,32.984,87.141,"G",70,65.966,29.031,45.94,29,10
"Class3","X",71.8,113.821,0.415,"N",58,64.744,59.856,46.33,76,56
"Class3","C",68.462,59.511,32.907,"L",60,63.273,38.986,29.458,49,27
"Class3","Z",69.971,67.05,20.32,"A",72,46.089,48.7,54.505,89,29
"Class1","F",71.978,46.941,89.487,"N",39,48.823,55.943,45.538,32,13
"Class2","D",85.246,46.392,58.641,"K",38,76.2,7.596,77.019,65,52
"Class3","J",69.372,68.045,4.838,"N",60,63.913,42.766,41.7,46,21
"Class3","X",70.932,67.014,14.452,"E",62,73.351,37.989,35.524,57,72
"Class1","F",71.863,48.078,90.887,"Y",88,68.202,45.291,90.273,23,10
"Class1","H",71.885,55.439,91.163,"Y",59,73.228,37.895,66.005,23,11
"Class3","E",70.734,53.028,8.312,"N",58,66.745,54.022,39.813,40,45
"Class1","F",71.546,22.347,87.869,"Y",72,66.993,26.656,70.015,21,12
"Class3","Z",68.908,68.981,15.406,"N",60,62.86,61.915,32.892,31,16
"Class1","H",71.38,29.582,92.524,"Y",70,70.19,44.649,33.401,32,4
"Class3","X",65.637,48.009,18.284,"L",57,70.254,46.665,41.382,87,78
"Class1","P",71.377,52.077,88.21,"N",63,62.008,35.591,84.252,31,6
"Class3","E",68.612,82.224,12.017,"N",69,63.012,41.416,57.705,42,55
"Class2","A",72.402,35.811,56.491,"H",42,69.879,13.082,84.32,74,51
"Class1","E",71.628,46.048,87.162,"N",76,80.235,26.935,59.854,26,12
"Class2","P",81.636,45.458,48.991,"A",37,85.517,23.225,58.885,79,58
"Class2","D",84.31,56.673,59.932,"Q",44,64.443,26.873,76.106,40,56
"Class3","Z",67.486,73.258,22.365,"E",81,71.832,49.608,52.479,30,62
"Class3","C",68.75,90.898,8.007,"O",58,73.54,70.648,47.377,19,21
"Class2","A",78.486,66.729,57.511,"K",42,33.965,18.705,15.749,86,60
"Class2","D",98.851,58.202,58.289,"U",39,65.43,3.459,60.329,45,55
"Class1",NA,71.601,14.389,93.705,"N",77,72.776,28.478,36.951,25,8
"Class2","D",86.141,37.689,57.299,"H",36,70.837,9.996,20.649,78,59
"Class3","E",69.582,79.223,16.658,"A",61,83.654,64.241,52.345,63,19
"Class3","Z",66.819,60.819,1.983,"L",81,67.19,68.25,38.626,64,27
"Class3",NA,68.291,70.32,26.564,"O",78,50.735,42.829,57.88,37,68
"Class3","J",68.365,60.564,0.725,"L",77,73.642,56.771,40.768,86,22
"Class1","E",71.305,10.723,91.18,"N",77,65.918,39.366,79.334,21,6
"Class1","F",72.08,48.632,87.84,"G",68,84.859,41.698,54.855,28,10
"Class1","P",71.728,73.266,87.694,"G",62,80.834,50.906,24.099,21,13
"Class3","X",67.769,93.282,8.359,"L",61,60.975,51.199,33.394,27,46
"Class3","C",67.527,71.583,0.043,"A",77,71.48,48.254,36.889,42,22
"Class3","X",72.049,102.195,3.237,"L",75,58.641,43.845,48.526,38,60
"Class1","Q",71.213,42.131,88.546,"N",84,73.072,30.794,56.383,27,7
"Class2","A",60.215,52.4,49.259,"K",46,51.462,26.619,70.21,62,56
"Class1","H",71.447,22.705,90.518,"D",53,79.49,59.33,77.677,24,NA
"Class1","P",70.757,42.9,87.031,"N",68,85.808,56.149,91.582,21,8
"Class3","E",74.196,85.381,11.716,"A",79,70.375,40.508,52.961,66,55
"Class3","J",69.521,64.47,34.061,"E",80,64.705,62.115,53.73,47,64
"Class1","F",71.953,59.836,92.056,"U",62,83.845,59.979,44.969,27,13
"Class2","R",71.678,45.594,56.761,"K",40,77.168,16.664,72.831,41,61
"Class3","X",70.438,89.522,4.497,"L",60,67.302,52.226,53.341,28,47
"Class2","R",85.038,38.199,56.193,"U",36,80.389,26.733,65.182,40,58
"Class1","F",71.943,44.004,90.049,"D",72,72.198,57.788,81.708,20,8
"Class3","X",69.292,73.808,29.773,"A",61,67.503,38.103,42.004,69,24
"Class3","E",66.756,95.422,19.319,"L",59,50.27,58.481,47.835,62,54
"Class2","D",68.773,58.985,48.554,"Q",38,105.516,27.854,81.91,43,51
"Class2","C",87.789,56.941,53.841,"A",41,70.245,22.624,50.811,79,61
"Class1","P",71.212,31.742,88.87,"G",59,82.187,56.285,44.971,27,14
"Class1","H",71.704,41.063,89.87,"G",52,87.244,53.466,37.907,21,9
"Class3","E",65.824,56.694,13.951,"A",71,53.087,59.006,31.33,88,24
"Class1","H",71.762,14.206,93.052,"G",60,71.075,41.369,17.383,26,14
"Class2","P",92.96,39.643,55.512,"A",43,53.554,5.108,13.194,33,52
"Class1","Q",71.551,34.01,89.713,"D",78,74.121,36.143,22.942,28,10
"Class2","R",84.639,63.348,51.431,"A",41,70.597,9.782,69.624,73,52
"Class2","D",85.83,37.717,56.883,"Q",44,81.98,11.539,81.508,53,58
"Class2","R",76.814,76.775,50.449,"A",45,50.801,21.498,11.869,85,56
"Class3","X",68.963,64.575,35.76,"A",64,54.892,40.146,57.057,54,21
"Class2","R",76.189,46.1,52.523,"A",44,96.343,18.93,27.625,38,57
"Class2","R",85.64,47.709,54.128,"K",46,38.145,19.917,32.822,75,58
"Class1","P",71.043,43.554,87.388,"D",42,76.285,57.183,47.425,25,13
"Class1",NA,71.122,46.375,90.826,"U",40,74.756,59.002,85.971,27,4
"Class1","H",71.813,26.085,90.344,"N",46,75.083,25.414,72.141,32,5
"Class1","Q",71.589,30.122,87.751,"Y",64,77.055,54.408,92.229,21,3
"Class1","E",71.729,27.683,88.586,"G",41,77.588,33.757,56.718,22,4
"Class3","E",65.702,72.239,15.261,"N",80,67.505,65.877,56.475,80,36
"Class2","A",86.933,51.082,58.533,"K",36,63.566,23.163,37.277,89,52
"Class3","J",68.8,96.75,11.507,"A",62,67.431,51.874,40.568,53,NA
"Class3","C",69.404,81.784,0.551,"A",60,69.118,52.711,56.683,41,26
"Class3","C",74.513,93.986,18.715,"E",71,62.936,50.906,46.525,76,45
"Class1","E",71.515,68.725,88.8,"G",60,71.554,42.759,38.795,27,13
"Class1","P",71.917,36.487,88.557,"N",54,70.406,52.051,68.931,20,9
"Class3","C",66.634,84.422,9.631,"L",69,53.674,63.863,30.352,74,17
"Class2","C",78.086,49.995,48.202,"H",39,38.625,2.826,40.065,75,52
"Class2","A",68.567,63.459,59.091,"K",39,42.592,15.517,11.889,85,59
"Class1","P",71.285,11.333,88.119,"G",70,89.361,45.708,42.64,24,14
"Class2","P",71.437,45.196,47.313,"H",41,102.935,22.218,77.611,85,51
"Class2","C",94.604,65.057,54.581,"H",36,83.221,7.912,28.939,93,55
"Class3","Z",70.162,68.368,7.105,"N",76,64.175,63.975,46.672,15,40
"Class1","Q",71.159,22.218,87.917,"N",83,67.68,46.501,71.837,30,3
"Class2","R",83.875,51.409,52.917,"K",37,123.236,29.361,16.704,74,NA
"Class3","E",67.938,64.313,21.208,"L",80,56.263,67.32,41.663,77,55
"Class1","P",71.641,54.918,88.872,"Y",46,58.635,45.467,79.009,22,14
"Class3","X",70.971,53.348,20.539,"E",62,74.702,52.431,52.196,54,54
"Class2","P",75.037,55.685,55.603,"U",44,88.05,20.823,35.954,51,NA
"Class3","J",67.644,105.477,29.234,"A",64,58.183,52.636,34.983,39,81
"Class2","C",78.935,58.917,59.643,"K",38,53.549,14.439,38.701,57,59
"Class1","H",71.425,32.934,88.768,"G",39,66.788,58.288,17.714,22,8
"Class1","P",71.856,27.204,88.111,"G",51,71.073,27.014,55.097,30,3
"Class1","P",71.097,71.648,93.249,"D",65,62.694,28.205,59.858,25,4
"Class3","C",67.62,74.482,32.299,"A",65,62.862,71.453,41.604,43,NA
"Class1","E",71.311,23.596,90.344,"D",71,71.6,55.948,68.871,23,9
"Class2","A",88.251,55.567,49.956,"A",43,94.398,23.632,14.476,62,60
"Class2","P",76.284,53.576,49.854,"A",39,103.046,16.884,71.076,49,54
"Class2","R",97.249,54.43,46.361,"H",38,75.497,15.694,44.768,79,51
"Class3","C",70.141,66.061,8.003,"E",79,62.818,70.963,38.29,49,75
"Class3","E",71.151,85.873,20.098,"E",75,50.618,69.753,44.871,66,46
"Class3","J",68.605,50.476,22.332,"O",69,66.601,64.61,29.41,41,69
"Class2","D",89.679,30.553,49.456,"U",43,86.153,30.004,24.151,79,59
"Class3","E",71.131,79.992,34.366,"L",68,61.458,55.969,43.627,69,41
"Class2","P",75.606,60.022,46.844,"H",45,96.309,23.235,16.795,44,58
"Class1","Q",71.369,24.654,91.286,"U",61,80.961,59.851,80.195,32,7
"Class3","E",67.94,89.139,22.746,"L",64,55.144,58.356,40.747,52,28
"Class1","H",71.579,45.914,93.539,"N",59,75.815,40.704,21.122,26,8
"Class3","Z",71.77,53.662,31.495,"E",59,75.952,71.863,29.031,79,21
"Class1","E",71.405,22.858,93.639,"U",64,64.657,27.354,75.794,26,9
"Class3",NA,72.368,76.232,25.616,"N",78,68.662,57.921,34.964,73,66
"Class1","P",71.157,25.752,90.914,"Y",71,78.256,48.16,65.369,24,4
"Class2","D",76.008,57.778,56.636,"Q",46,71.281,21.194,58.71,94,58
"Class2","C",85.685,48.068,49.387,"U",40,66.364,22.995,26.155,89,52
"Class2","P",77.736,62.085,53.661,"A",36,104.661,28.821,8.965,65,52
"Class2","D",76.62,57.061,50.223,"Q",44,37.838,19.109,31.992,34,NA
"Class3","E",67.847,83.769,32.818,"O",67,59.818,39.806,57.482,46,37
"Class2","A",83.164,64.819,58.699,"A",38,54.752,23.036,12.372,53,61
"Class1","E",71.571,55.87,88.149,"Y",83,72.872,49.211,36.77,25,6
"Class1","F",71.645,30.96,90.116,"U",59,79.722,54.035,54.381,32,NA
"Class2","D",77.544,65.642,59.151,"A",43,66.932,23.478,56.963,53,57
"Class1","F",71.407,43.269,88.503,"G",84,68.465,37.576,46.84,29,11
"Class3","E",66.974,89.723,24.313,"L",65,56.792,39.774,41.646,68,62
"Class3","C",70.904,46.943,27.411,"L",68,55.754,42.894,41.98,45,26
"Class3","E",67.896,69.608,11.616,"E",63,67.657,37.761,42.717,53,53
"Class1","E",71.61,27.827,90.566,"N",50,75.159,45.762,75.054,30,8
"Class1","P",71.11,34.032,89.807,"U",81,63.65,32.947,89.867,20,7
"Class2","R",76.578,51.169,51.708,"H",36,68.734,28.593,33.684,82,57
"Class3","X",67.725,89.738,18.582,"A",66,62.931,44.51,35.162,83,77
"Class2","C",76.653,63.627,49.921,"Q",44,13.097,16.84,71.275,43,54
"Class3",NA,64.478,84.203,13.757,"L",73,72.602,43.069,31.895,79,44
"Class1","H",71.875,39.088,88.949,"U",51,62.02,41.913,45.926,30,11
"Class1","H",71.273,28.297,89.562,"G",44,86.096,47.878,34.815,30,5
"Class1","E",71.169,42.531,87.203,"U",82,79.018,37.743,63.376,24,7
"Class1","F",71.498,33.306,87.658,"Y",69,69.892,39.416,24.189,25,NA
"Class3","X",67.65,60.125,18.34,"L",74,70.94,41.974,42.077,73,79
"Class2","P",96.802,54.848,55.325,"A",43,68.239,16.813,35.277,86,55
"Class2","A",92.752,39.427,51.42,"Q",46,65.747,7.245,19.085,48,59
"Class3","J",72.144,69.23,8.021,"L",67,70.48,37.264,49.999,34,NA
"Class1","P",71.532,34.393,89.87,"U",84,75.051,44.79,22.873,32,12
"Class2","R",76.094,54.191,47.17,"K",38,63.121,29.24,18.413,88,56
"Class2",NA,80.88,45.435,51.219,"H",45,91.42,4.832,11.04,94,52
"Class1","E",71.569,17.445,91.662,"U",74,63.978,29.101,79.011,22,11
"Class2","C",99.081,63.465,52.716,"U",40,92.112,18.156,69.039,35,57
"Class2",NA,81.328,45.962,57.077,"K",45,67.077,28.368,35.707,84,58
"Class2","A",81.891,66.627,53.729,"U",40,45.441,17.895,65.972,39,54
"Class1","Q",70.935,60.141,92.531,"G",68,69.224,32.663,23.737,28,11
"Class2","D",75.505,44.065,59.977,"U",39,74.463,17.757,72.135,83,54
"Class2","P",77.882,49.503,46.201,"K",42,70.696,30.928,56.77,48,55
"Class2","D",79.345,52.23,50.587,"A",36,52.238,8.797,81.656,61,51
"Class2","A",91.041,64.896,59.991,"U",44,50.47,28.943,52.085,83,53
"Class1","E",71.607,37.599,93.929,"G",51,70.095,33.027,54.265,29,3
"Class1","F",71.757,17.135,87.12,"G",80,73.557,39.806,16.438,28,NA
"Class2",NA,91.797,31.967,54.038,"A",42,65.248,18.538,80.823,98,57
"Class2",NA,88.927,70.473,51.847,"A",44,59.384,12.61,16.512,92,56
"Class3","X",67.844,85.401,15.084,"E",73,56.543,41.167,49.957,36,41
"Class3","C",74.961,88.734,22.067,"O",75,51.405,63.69,30.133,65,37
"Class2","A",80.439,45.881,47.336,"A",45,68.276,23.258,56.436,37,60
"Class2","P",78.383,57.953,51.006,"U",45,86.03,22.262,64.03,34,58
"Class2","R",89.684,44.619,50.981,"U",43,89.798,5.738,52.99,38,59
"Class3","E",71.185,66.882,18.311,"O",69,67.366,42.7,42.349,16,44
"Class1","E",72.148,36.789,87.98,"G",41,78.925,39.173,61.275,27,13
"Class3","X",71.693,45.625,8.446,"N",68,68.007,70.229,38.245,44,49
"Class2","D",68.801,46.444,49.647,"A",43,54.468,18.873,13.644,96,58
"Class1","P",71.381,41,91.652,"N",45,64.836,27.228,62.524,32,13
"Class3","X",73.232,68.213,16.985,"L",79,68.264,46.642,33.244,66,63
"Class2","D",84.515,49.761,58.955,"U",39,66.167,12.368,22.987,97,56
"Class1","H",71.718,53.017,91.37,"U",43,66.591,30.622,67.939,32,4
"Class3","X",65.759,97.321,30.528,"L",68,56.936,64.149,53.767,60,24
"Class1","E",71.512,49.193,89.894,"Y",56,69.303,27.625,64.211,28,14
"Class3","Z",69.978,50.044,23.013,"O",60,55.168,42.151,34.802,39,60
"Class1",NA,71.957,39.43,91.893,"N",44,63.631,27.443,29.919,23,NA
"Class3","X",73.895,95.084,15.153,"O",78,58.196,71.094,57.525,78,60
"Class2","C",86.838,71.599,56.943,"U",42,80.959,8.267,69.687,57,60
"Class2","D",79.371,60.374,48.284,"K",38,44.872,12.618,35.09,60,56
"Class2","A",74.794,55.312,46.597,"A",38,76.772,5.382,10.827,65,52
"Class1","Q",70.959,42.52,87.963,"U",83,72.705,40.636,78.742,27,4
"Class2","A",84.619,52.415,54.6,"U",40,60.574,13.653,82.836,40,57
"Class2","P",81.194,59.029,52.316,"K",42,66.165,8.192,22.113,44,56
"Class1","P",71.964,25.648,87.894,"U",85,67.183,53.602,64.864,27,11
"Class2","D",87.633,66.606,49.864,"H",44,54.269,25.635,55.986,75,59
"Class2","A",77.642,46.924,48.958,"U",41,90.529,18.937,65.352,93,55
"Class1","F",71.786,41.462,92.084,"N",56,73.533,56.925,33.894,20,13
"Class2","R",76.396,67.678,50.851,"H",41,111.823,5.289,35.73,55,61
"Class3","X",70.916,78.881,30.33,"O",67,63.242,50.909,31.443,73,64
"Class3","C",71.102,101.303,33.541,"O",58,66.216,46.91,30.914,68,24
"Class1","P",71.72,16.155,90.4,"N",55,101.138,33.029,31.686,29,6
"Class2","C",86.459,35.214,51.226,"H",40,78.288,19.078,29.252,53,58
"Class2","C",77.345,67.487,53.986,"Q",39,71.656,27.511,36.525,92,56
"Class1","P",72.043,33.888,89.082,"N",55,67.051,26.485,68.895,21,9
"Class3","X",70.578,78.158,34.771,"E",81,56.186,55.066,35.22,22,80
"Class3","Z",67.67,72.902,32.34,"E",81,66.29,44.541,46.431,27,28
"Class1","F",71.979,60.288,92.332,"U",47,70.311,54.956,15.667,28,NA
"Class1","Q",71.328,51.392,88.12,"G",79,55.676,29.722,32.568,30,12
"Class2","A",79.467,63.848,57.582,"U",38,91.302,19.828,71.383,48,51
"Class2","D",83.14,45.878,50.561,"Q",43,86.718,25.318,67.009,96,59
"Class1","P",71.186,28.321,90.555,"N",59,64.551,46.932,77.369,21,12
"Class3","J",70.923,74.347,34.67,"A",78,63.474,38.918,48.333,86,70
"Class2","A",86.397,40.218,56.961,"Q",43,87.728,4.346,73.302,91,51
"Class2","C",78.907,45.282,59.994,"H",37,78.649,9.817,49.738,97,59
"Class3","E",68.428,96.21,19.123,"O",72,63.818,47.978,55.112,46,36
"Class3","J",68.345,62.875,17.087,"L",63,74.03,41.026,58.962,21,51
"Class1","P",71.92,48.999,92.149,"G",67,64.344,41.561,48.729,31,11
"Class1",NA,72.022,45.6,93.854,"G",44,79.369,55.448,82.829,24,4
"Class1","P",72.195,30.021,92.965,"Y",87,74.929,45.161,79.584,21,5
"Class1","H",71.269,26.407,90.634,"D",57,74.197,48.69,37.441,23,9
"Class3","X",72.494,72.845,25.794,"O",58,70.496,53.872,51.3,75,32
"Class2","D",86.287,70.019,55.367,"K",36,71.144,29.272,44.582,47,60
"Class3","J",64.29,95.404,2.846,"A",58,57.709,70.537,39.398,18,44
"Class3","E",72.573,71.428,8.668,"A",76,71.625,46.764,56.175,15,80
"Class2","D",82.602,50.799,53.41,"A",37,50.769,18.901,63.907,83,56
"Class1","P",71.471,29.47,90.828,"N",67,78.918,48.632,52.861,32,11
"Class1","H",71.149,23.26,89.279,"N",67,82.828,43.633,58.279,25,7
"Class1","Q",71.874,51.894,90.162,"Y",44,77.919,34.227,38.843,27,7
"Class1","H",70.711,51.501,93.121,"Y",64,93.568,52.177,23.022,20,7
"Class3","J",69.377,79.354,3.878,"A",60,66.657,39.637,43.981,72,44
"Class2","R",71.028,58.701,56.538,"U",46,69.77,11.393,32.73,78,NA
"Class3","E",66.991,96.383,0.876,"L",82,65.554,40.604,33.077,50,75
"Class3","Z",67.99,58.06,18.973,"L",81,77.374,58.493,45.139,38,81
"Class3","Z",69.126,79.902,17.189,"E",77,67.869,45.724,41.766,56,NA
"Class3","J",69.578,63.521,14.083,"A",59,61.042,41.402,41.64,70,43
"Class1","F",71.32,37.89,89.833,"N",49,73.713,46.724,69.523,27,3
"Class3","Z",66.998,54.011,22.754,"N",76,66.221,37.492,29.524,78,32
"Class3","J",69.03,71.275,25.948,"E",73,60.464,56.482,56.048,22,15
"Class1","Q",71.559,44.046,88.249,"N",45,76.29,48.349,18.191,20,9
"Class1","E",71.254,22.018,88.331,"U",42,65.5,48.404,69.761,29,8
"Class1","P",70.881,38.052,90.185,"Y",43,78.096,32.864,78.354,28,3
"Class2","D",74.565,57.951,48.717,"A",39,108.327,28.575,9.197,90,55
"Class1","F",71.698,23.223,91.273,"G",43,59.391,54.999,61.791,23,10
"Class1","F",71.87,55.899,88.152,"N",76,88.899,31.94,24.948,22,3
"Class1","Q",71.73,27.755,93.85,"G",68,65.247,48.781,31.996,25,12
"Class1",NA,71.053,45.61,87.535,"Y",81,77.796,32.515,87.625,22,12
"Class1","Q",72.174,49.791,90.317,"Y",63,78.571,30.077,33.328,32,10
"Class3",NA,65.651,76.796,2.953,"O",71,74.921,69.607,42.712,49,49
"Class1","E",71.59,32.783,87.906,"G",69,76.335,44.858,24.14,28,10
"Class3","E",65.894,86.464,30.102,"O",74,81.048,62.847,56.609,19,46
"Class2","C",82,42.382,59.411,"Q",39,82.135,17.4,49.009,85,52
"Class1","F",71.491,16.78,87.999,"G",56,73.656,34.408,92.938,20,12
"Class2","R",94.632,59.873,47.581,"H",37,110.714,19.943,82.453,63,57
"Class1","H",71.38,69.064,87.974,"N",52,45.684,45.662,77.417,27,5
"Class2","C",74.644,43.578,47.62,"H",37,40.862,17.625,79.907,47,58
"Class2","P",76.453,49.265,54.238,"H",45,86.085,5.091,39.899,64,57
"Class2","D",73.047,49.282,48.294,"Q",44,84.535,21.788,41.517,82,60
"Class2","P",78.38,64.778,54.882,"K",44,49.295,19.877,21.745,38,51
"Class1","Q",71.481,46.689,91.438,"U",52,77.651,32.676,49.553,32,NA
"Class3","J",70.34,68.848,5.244,"E",71,70.922,63.139,30.058,23,58
"Class2",NA,86.422,39.734,57.466,"H",44,70.625,2.332,53.14,54,54
"Class1","E",71.725,54.612,91.439,"N",44,62.164,30.403,27.922,21,14
"Class2","P",80.038,50.329,50.335,"H",41,82.851,19.645,35.527,43,60
"Class3","Z",68.546,46.222,10.128,"O",62,72.054,52.724,52.843,44,13
"Class2","R",83.164,64.902,46.39,"A",46,70.584,22.8,67.267,46,57
"Class1","P",70.92,47.014,89.786,"G",56,64.507,45.242,63.825,30,8
"Class3","X",67.243,65.815,10.33,"A",67,80.042,46.173,55.617,60,58
"Class3","E",71.365,95.886,32.011,"E",79,74.479,47.61,46.248,16,27
"Class1","E",71.343,38.731,92.323,"Y",59,72.184,45.699,93.076,21,10
"Class3","Z",67.408,51.879,7.441,"A",74,62.617,50.864,49.251,56,82
"Class1","P",71.832,30.215,90.7,"U",42,63.743,42.375,54.387,26,14
"Class1","P",72.048,11.636,92.588,"U",73,77.11,42.901,37.674,21,13
"Class3","Z",68.92,75.009,13.285,"A",61,46.641,53.221,35.058,23,58
"Class2","R",80.773,69.911,50.346,"K",36,73.201,16.559,9.287,34,53
"Class3","Z",72.149,69.554,13.33,"E",67,55.938,37.422,52.471,81,21
"Class2","C",77.235,56.029,49.683,"A",43,80.544,24.149,69.074,92,54
"Class1","Q",71.517,53.632,88.772,"D",53,74.42,26.495,66.293,24,14
"Class1","P",72.235,36.508,89.571,"Y",43,81.826,59.526,59.604,26,5
"Class3","X",66.126,41.338,26.045,"A",72,67.486,43.524,54.421,18,17
"Class1","Q",71.657,25.778,89.537,"G",72,81.242,45.877,26.056,22,10
"Class1","H",71.371,51.953,90.199,"G",60,81.225,53.555,36.048,31,7
"Class1","P",72.023,54.435,90.8,"N",79,69.015,40.041,58.285,23,5
"Class2","P",96.629,61.872,46.522,"Q",46,45.308,4.951,69.076,81,52
"Class1","H",71.399,50.872,90.284,"N",67,69.7,28.433,15.156,25,5
"Class2","A",79.734,61.079,48.54,"A",43,79.198,30.205,76.74,56,60
"Class3","Z",68.59,64.234,12.386,"E",71,63.306,52.201,32.255,28,30
"Class2","C",82.548,70.004,46.46,"K",44,95.778,17.63,81.842,95,52
"Class3","E",68.501,97.954,10.273,"L",75,57.206,61.225,49.065,77,23
"Class2","D",84.224,59.933,59.112,"U",39,51.559,10.34,70.735,55,55
"Class3","C",67.719,71.002,18.144,"L",75,53.178,41.389,48.573,69,57
"Class1","Q",71.766,22.92,89.318,"Y",72,98.399,34.096,60.794,29,10
"Class2","R",79.816,50.927,51.612,"U",46,43.355,27.541,44.298,53,60
"Class3","C",69.089,62.214,33.13,"E",81,53.515,47.032,50.705,38,61
"Class1","P",71.717,42.263,91.064,"G",83,75.393,35.914,87.81,29,11
"Class3","E",71.544,87.871,10.244,"A",68,85.954,50.3,49.002,15,56
"Class3","C",67.35,69.295,1.855,"E",65,65.407,48.936,48.443,24,54
"Class2",NA,87.03,41.732,59.53,"Q",46,35.653,30.211,23.811,89,59
"Class2","A",82.298,57.5,50.087,"H",38,68.277,9.368,53.197,50,51
"Class1","H",70.896,27.377,88.537,"G",56,69.55,52.505,36.123,23,10
"Class1","Q",71.192,35.793,91.025,"Y",63,82.316,34.055,63.821,28,9
"Class1","Q",71.013,31.851,87.508,"Y",40,88.053,55.897,32.625,28,13
"Class1","P",70.813,31.227,90.525,"U",53,72.053,44.863,86.296,28,6
"Class2","P",84.88,66.513,50.331,"U",41,55.661,27.132,60.416,94,59
"Class2",NA,82.169,32.296,50.827,"K",46,89.324,24.816,33.398,70,57
"Class1","H",71.282,40.549,92.288,"Y",42,61.251,44.478,14.368,28,8
"Class2","R",95.671,57.051,58.613,"A",36,57.455,20.008,55.639,52,53
"Class2","R",86.034,65.712,56.468,"K",43,65.633,7.108,73.27,79,59
"Class1","H",71.443,64.912,90.335,"Y",59,76.709,45.197,82.428,28,13
"Class1","Q",71.966,54.862,88.377,"D",73,69.304,55.128,91.348,25,7
"Class1","Q",71.671,36.69,91.613,"N",64,83.548,37.792,14.766,32,12
"Class3","Z",68.894,81.469,14.533,"L",75,79.646,71.525,47.246,85,28
"Class3","J",71.032,83.488,35.036,"L",79,60.723,61.866,45.658,76,79
"Class1","Q",71.119,19.375,92.547,"G",50,78.004,50.546,43.248,24,13
"Class3","Z",68.244,59.551,10.201,"O",61,69.466,49.553,29.105,32,81
"Class3","X",66.029,76.174,2.203,"L",58,66.683,68.769,48.633,64,NA
"Class1","E",71.567,37.635,91.993,"U",59,81.645,26.072,31.135,27,3
"Class2","R",85.039,51.135,57.395,"Q",38,80.029,4.33,82.17,84,56
"Class3","X",74.478,49.752,26.262,"N",59,70.861,42.058,42.414,17,NA
"Class2","P",83.422,67.23,55.652,"U",39,64.365,28.824,47.003,81,52
"Class2","A",82.329,79.269,50.642,"H",38,49.829,18.883,85.208,61,60
"Class2","P",96.642,49.702,58.205,"A",38,73.001,21.762,18.306,46,57
"Class1",NA,71.284,34.352,91.351,"Y",45,79.143,26.214,45.424,22,5
"Class3","J",70.176,98.616,16.238,"O",78,61.75,71.343,33.797,25,29
"Class3","C",69.331,67.28,27.927,"L",67,51.954,61.095,52.275,49,82
"Class2","A",69.831,54.63,59.842,"K",45,69.232,14.041,33.102,85,59
"Class1","F",71.228,39.669,90.323,"Y",67,68.858,50.821,38.809,23,12
"Class1","Q",71.361,45.868,89.582,"Y",86,61.306,37.787,69.175,20,11
"Class1","E",71.432,28.674,88.218,"N",78,75.65,43.737,86.086,21,6
"Class1","F",71.475,34.011,93.618,"D",72,70.923,42.741,90.181,29,12
"Class2","R",87.704,49.565,48.758,"Q",46,74.078,10.526,51.471,35,60
"Class1","H",70.9,74.388,88.106,"G",67,79.947,48.434,23.197,29,13
"Class3","Z",72.814,97.821,26.596,"O",69,75.059,37.441,31.636,57,14
"Class1","F",71.867,45.817,90.109,"N",68,74.493,33,27.428,31,13
"Class1","F",72.067,39.608,90.967,"Y",65,70.06,54.532,18.675,20,4
"Class1","Q",71.348,35.607,92.379,"U",44,91.792,56.942,74.017,27,3
"Class2","D",70.837,44.72,46.235,"K",45,58.237,17.139,27.059,58,58
"Class2","A",96.663,54.127,55.321,"H",41,89.68,23.718,77.316,91,57
"Class2","C",71.626,46.535,52.604,"U",37,21.291,16.594,53.077,76,55
"Class1","F",71.128,42.583,88.665,"D",60,76.519,52.834,65.885,30,11
"Class2","R",86.57,42.052,47.131,"K",46,75.05,8.343,59.533,33,60
"Class3","Z",69.601,84.102,14.705,"L",79,61.978,62.777,52.569,38,76
"Class1","Q",71.491,25.841,89.645,"G",67,78.939,40.399,64.091,28,6
"Class3","X",70.001,74.469,26.007,"L",69,78.232,59.892,39.573,87,49
"Class3","Z",71.778,82.068,2.492,"L",77,58.094,71.454,42.177,49,74
"Class3","E",70.358,71.543,0.761,"L",74,56.48,49.255,31.055,15,NA
"Class1","Q",71.828,51.078,92.81,"N",60,78.113,45.865,22.42,30,12
"Class2","A",101.159,54.081,47.232,"U",41,59.412,12.874,70.728,80,61
"Class2","P",93.635,54.563,52.284,"K",39,57.847,12.65,85.405,95,55
"Class1","F",71.265,45.115,87.953,"G",78,73.822,56.381,57.163,21,14
"Class3","Z",70.356,87.462,14.768,"A",61,56.977,44.845,55.097,57,74
"Class1","F",71.53,49.103,87.536,"G",47,69.625,31.451,90.561,32,12
"Class1","F",71.576,29.503,87.391,"G",66,65.539,37.011,47.611,21,12
"Class2","P",85.556,46.759,49.025,"H",39,73.668,19.827,39.296,90,53
"Class2","D",81.961,72.603,57.438,"U",42,61.847,28.973,11.314,35,59
"Class2",NA,75.65,68.544,55.614,"A",42,58.911,15.044,73.195,97,58
"Class1","H",71.401,29.437,88.805,"N",82,65.645,41.504,21.385,27,9
"Class3","Z",70.768,91.915,5.583,"O",63,65.38,60.391,53.444,47,30
"Class2","A",80.684,40.997,49.905,"H",46,101.549,26.782,49.422,64,56
"Class3","Z",72.106,86.543,2.636,"L",80,70.215,59.15,53.699,80,18
"Class3","Z",72.169,76.14,10.535,"N",77,78.46,41.903,38.19,28,32
"Class2","R",75.102,62.877,55.484,"U",46,99.081,16.258,71.841,62,NA
"Class3","J",71.383,69.553,25.063,"N",79,62.978,70.298,57.968,58,44
"Class2","R",76.619,50.63,50.664,"K",39,67.062,19.579,16.426,94,NA
"Class3","X",64.679,72.674,31.759,"A",67,81.75,60.769,55.519,25,24
"Class3","C",67.77,97.816,6.696,"O",73,66.399,47.551,58.083,80,37
"Class2","A",88.104,49.139,57.995,"A",45,84.826,25.569,67.264,42,59
"Class3",NA,71.761,76.912,33.274,"E",79,67.22,42.448,53.459,33,53
"Class3","Z",67.104,69.555,23.191,"N",62,60.441,46.272,33.279,34,31
"Class1","E",71.362,34.672,93.931,"Y",54,71.434,49.908,92.751,21,4
"Class1","P",71.586,33.121,93.754,"N",47,69.897,37.726,94.308,28,6
"Class2","P",86.396,54.114,50.055,"U",36,43.764,21.764,33.292,56,52
"Class1","F",70.947,70.443,90.759,"G",82,85.351,52.416,48.5,27,12
"Class3","Z",69.923,90.767,4.209,"A",60,57.016,63.681,49.933,68,33
"Class2","C",96.275,52.829,57.615,"Q",44,40.253,29.4,36.213,74,52
"Class3","C",71.007,71.095,12.671,"L",68,70.716,55.993,42.033,21,15
"Class3","Z",69.955,87.865,19.518,"L",59,55.442,37.575,48.521,19,25
"Class2","C",87.861,64.828,50.915,"H",38,80.635,19.208,26.501,37,56
"Class1","Q",71.568,58.084,92.243,"N",77,75.934,48.116,49.487,30,5
"Class2","D",80.204,55.1,53.616,"K",42,90.182,10.228,73.916,35,52
"Class2","D",77.77,45.899,54.19,"U",39,44.423,8.12,62.114,80,57
"Class1","P",71.549,9.831,92.693,"N",63,59.335,57.745,50.699,23,11
"Class3","X",66.744,66.068,17.388,"L",69,65.917,71.613,50.002,79,68
"Class3","C",71.36,44.508,25.925,"O",78,73.369,44.881,43.536,41,34
"Class1","H",71.789,28.401,89.631,"U",75,69.055,41.137,80.359,27,11
"Class3","X",67.746,78.039,14.251,"O",63,67.058,57.225,43.963,59,45
"Class1","H",71.509,25.226,92.606,"N",50,50.44,40.772,75.158,30,3
"Class2","R",82.337,50.857,50.056,"H",41,101.86,30.14,53.292,77,60
"Class1","H",71.863,33.129,92.636,"G",56,78.85,54.111,34.134,29,NA
"Class3","J",68.549,75.908,26.973,"E",60,61.454,39.3,51.4,83,72
"Class1","P",71.608,57.627,87.622,"D",75,84.564,45.15,29.805,32,10
"Class2","C",78.337,54.566,48.681,"Q",45,32.173,19.799,66.798,58,59
"Class1","Q",70.923,49.6,89.874,"N",55,69.815,47.592,65.66,28,11
"Class2","P",84.88,50.973,56.721,"A",37,92.502,25.257,85.204,46,51
"Class3","E",65.955,33.322,31.598,"E",77,57.226,61.562,46.934,82,24
"Class1","H",71.795,48.895,90.759,"Y",43,71.359,40.708,22.378,22,10
"Class2","C",83.784,59.554,50.922,"H",40,94.932,18.461,74.204,91,52
"Class1","Q",71.712,52.143,91.188,"G",57,63.38,57.54,69.41,21,14
"Class3","J",67.568,88.631,20.844,"L",60,62.149,44.726,31.987,57,65
"Class3","C",76.242,50.716,24.312,"E",58,68.36,58.326,49.467,42,48
"Class2","D",78.674,43.022,59.343,"Q",39,91.324,14.035,10.019,35,56
"Class2","A",89.718,50.671,59.004,"K",38,37.956,7.667,8.757,48,61
"Class1","Q",70.801,27.586,88.254,"D",75,78.556,48.382,15.058,21,10
"Class1","E",71.418,44.338,89.402,"G",75,87.544,57.178,16.797,31,8
"Class3","C",65.666,74.248,18.717,"O",60,65.504,44.012,55.692,82,83
"Class1","F",71.63,54.237,87.337,"Y",76,67.472,25.395,34.304,23,6
"Class1","H",71.255,44.444,90.884,"Y",48,59.884,56.673,15.066,30,7
"Class2","A",78.934,32.278,56.654,"A",40,95.29,14.262,16.28,75,61
"Class1","Q",71.515,10.46,89.578,"Y",49,83.246,25.443,44.141,29,7
"Class1","E",70.851,18.036,89.921,"Y",44,79.635,44.99,57.208,26,5
"Class2","P",72.967,58.694,55.724,"K",41,50.645,12.801,40.396,76,60
"Class1","P",71.571,36.397,88.358,"U",73,72.499,53.903,24.131,20,8
"Class2","D",80.063,59.978,49.975,"U",39,83.365,15.098,59.018,40,60
"Class3","X",68.501,78.454,6.696,"A",82,60.478,64.927,30.265,21,15
"Class2","P",72.761,58.697,55.226,"Q",43,47.538,20.345,30.505,79,52
"Class2","P",76.287,71.795,59.033,"H",37,55.087,6.84,13.532,68,55
"Class3","E",71.453,39.307,10.783,"O",79,51.587,45.878,38.318,57,38
"Class1","E",71.814,33.915,93.732,"D",50,79.16,31.515,81.89,25,12
"Class2","C",75.65,38.963,51.958,"H",41,65.382,13.677,41.14,67,54
"Class1","P",71.295,36.42,93.121,"Y",48,78.855,37.757,39.112,31,14
"Class1","P",71.433,37.049,91.106,"Y",43,85.48,38.043,45.306,32,6
"Class1","Q",71.572,55.977,93.252,"Y",74,74.773,35.454,94.369,26,10
"Class3","X",70.314,84.968,3.598,"A",74,61.962,66.274,53.123,30,29
"Class3","X",67.01,112.413,30.116,"E",74,61.377,70.077,46.563,35,33
"Class1","P",71.356,41.468,89.336,"Y",61,70.083,45.046,29.536,27,9
"Class1","F",71.239,26.631,89.533,"D",76,98.353,53.81,40.712,30,3
"Class1","Q",71.664,56.954,89.88,"Y",46,81.872,42.165,56.072,27,13
"Class3","Z",73.404,59.405,10.596,"N",66,59.922,59.163,54.793,40,77
"Class1","H",71.559,52.572,93.228,"Y",48,95.801,45.838,18.279,31,11
"Class2","C",82.132,47.062,58.487,"Q",46,68.861,25.999,71.861,42,51
"Class2","R",82.273,56.595,56.26,"H",39,51.983,30.454,10.049,63,52
"Class1","F",71.923,41.709,90.522,"N",64,79.122,40.558,84.064,23,10
"Class1",NA,71.755,44.677,92.24,"Y",54,58.443,42.906,20.97,29,13
"Class3","Z",68.632,80.086,27.31,"N",61,56.991,40.724,34.683,49,58
"Class1","E",71.016,28.723,92.072,"D",61,71.011,29.439,37.223,31,6
"Class1","E",71.748,40.323,91.111,"Y",73,76.274,59.178,37.853,27,13
"Class1","F",71.454,28.109,88.366,"U",71,77.221,41.909,79.829,21,8
"Class3","J",69.708,70.104,20.571,"N",65,65.611,42.64,39.519,43,52
"Class1",NA,71.456,23.849,89.794,"N",86,74.299,27.612,14.522,28,3
"Class3","C",72.299,104.853,3.933,"E",63,70.674,59.571,42.129,31,55
"Class2","A",84.168,50.657,48.648,"A",45,27.341,5.592,71.759,75,58
"Class3","X",67.701,99.217,10.573,"A",74,77.779,65.205,35.105,31,NA
"Class1","F",70.759,76.805,93.512,"N",41,79.098,27.836,40.063,32,8
"Class2",NA,77.548,62.327,56.024,"H",36,101.193,21.118,66.778,75,61
"Class3","E",71.732,78.464,7.881,"L",68,62.82,47.674,29.563,74,37
"Class3","J",70.235,71.841,0.316,"O",61,71.191,40.79,30.411,44,19
"Class2","A",79.935,47.226,47.675,"U",40,56.712,27.747,74.374,36,57
"Class2","A",70.735,67.542,47.817,"K",40,73.911,22.804,77.941,83,56
"Class3","X",73.668,53.93,4.559,"N",80,71.966,39.413,54.44,48,62
"Class3","E",70.422,91.147,31.435,"E",66,73.839,45.561,44.444,52,68
"Class2",NA,66.368,48.508,58.918,"K",44,92.173,29.715,25.395,37,53
"Class2","P",93.835,73.913,51.957,"Q",42,65.951,10.37,69.898,36,51
"Class1","H",71.36,43.61,89.221,"G",39,71.233,48.268,91.14,27,4
"Class1","F",71.202,49.296,88.809,"N",62,73.348,32.385,95.171,27,12
"Class1","F",71.92,35.327,89.249,"Y",46,69.104,50.253,48.239,31,14
"Class3",NA,69.507,109.82,20.184,"A",82,57.842,53.559,46.36,57,23
"Class2","P",92.3,69.209,58.125,"H",38,47.082,2.9,64.509,43,59
"Class2","D",78.47,57.335,47.655,"H",40,93.726,14.598,50.366,42,53
"Class1","P",71.255,43.379,91.953,"G",63,69.293,59.234,16.357,21,14
"Class2","P",75.605,61.894,54.361,"U",46,61.21,14.924,83.012,79,58
"Class3","X",69.79,84.508,18.695,"N",68,58.316,68.104,34.522,51,75
"Class3","J",67.212,75.579,1.95,"A",77,66.319,52.842,35.212,66,35
"Class2","A",79.893,48.741,52.94,"A",38,52.884,18.735,58.865,97,60
"Class3","C",70.012,48.305,20.074,"O",71,59.875,41.992,58.109,84,70
"Class3","J",68.698,80.402,9.4,"N",78,68.953,68.91,34.039,66,NA
"Class1","Q",71.149,46.056,88.067,"D",40,69.862,45.492,95.604,30,7
"Class1","Q",71.583,43.553,90.496,"U",85,85.364,51.292,54.954,22,3
"Class3","E",72.262,77.403,18.486,"A",76,61.302,48.06,45.026,28,56
"Class2","A",86.334,56.512,52.095,"K",41,79.162,16.53,40.513,98,56
"Class3","J",70.142,70.44,32.332,"E",72,61.729,68.372,33.502,50,64
"Class3","Z",62.508,43.872,12.203,"L",66,46.974,49.07,54.63,83,43
"Class2","C",90.778,53.657,51.401,"H",46,35.221,14.028,12.782,65,54
"Class2","A",82.478,44.978,55.814,"K",36,82.184,16.71,27.171,41,61
"Class1","E",70.736,51.675,89.53,"N",82,70.133,55.514,36.215,22,14
"Class2","R",71.547,51.95,55.981,"H",39,65.755,30.709,63.099,84,52
"Class3","C",67.955,91.429,14.797,"E",77,61.628,65.001,33.674,51,54
"Class3","Z",68.746,89.57,4.284,"E",77,66.033,70.578,46.406,64,58
"Class3","X",65.302,67.2,26.668,"E",60,69.021,66.91,55.629,85,66
"Class2","A",84.826,65.778,52.145,"A",43,91.632,19.907,18.485,33,61
"Class2","R",85.226,63.276,51.925,"A",42,74.206,29.846,51.551,76,60
"Class1","Q",71.268,29.176,87.035,"U",72,70.455,36.949,14.193,23,11
"Class3","J",69.712,61.88,19.896,"O",60,56.306,42.811,51.965,36,54
"Class1","F",71.471,50.093,90.631,"N",76,69.395,36.084,67.234,22,12
"Class2","A",79.325,38.925,55.454,"A",40,97.565,9.025,59.916,94,57
"Class1","H",71.767,37.698,90.104,"G",61,74.617,30.741,30.846,24,NA
"Class2","C",71.976,71.554,48.891,"K",39,76.009,5.574,21.746,95,51
"Class3","Z",67.801,63.186,33.959,"O",71,67.026,69.644,37.736,43,19
"Class2","A",69.028,79.784,58.745,"Q",40,49.818,6.098,63.086,72,54
"Class1","Q",71.72,54.611,91.022,"N",60,76.932,50.074,96.544,30,13
"Class3","Z",70.495,78.488,19.989,"A",81,53.07,46.934,37.504,75,NA
"Class1","E",71.149,20.688,90.78,"Y",50,66.553,43.91,14.793,24,12
"Class1","H",71.073,25.06,89.923,"U",85,84.033,38.831,82.279,30,14
"Class3","Z",69.189,60.671,35.157,"A",73,59.467,69.035,49.505,63,37
"Class2","P",81.315,57.496,53.186,"K",41,66.305,13.225,83.975,95,53
"Class1","P",70.875,33.376,89.065,"G",64,78.179,28.235,83.047,32,14
"Class3","X",70.62,103.138,30.533,"E",64,64.462,46.264,48.514,55,21
"Class2","P",74.861,55.061,50.419,"H",38,66.621,5.107,68.007,42,59
"Class3","X",66.815,64.008,15.37,"L",60,66.313,68.957,41.538,62,75
"Class2","P",92.382,53.196,51.023,"K",38,69.292,7.524,28.001,69,52
"Class3","X",73.827,72.242,19.175,"O",73,71.634,62.183,38.319,52,33
"Class1","P",71.88,25.579,89.667,"Y",51,59.594,50.49,82.659,22,9
"Class1","H",71.255,46.492,92.958,"Y",61,65.679,38.537,19.139,21,NA
"Class1",NA,71.631,38.132,91.47,"N",78,80.868,55.124,96.174,21,8
"Class1","F",72.247,27.36,89.574,"G",88,78.93,28.419,61.528,24,8
"Class1","F",71.031,11.821,92.686,"D",53,62.758,43.063,24.475,30,7
"Class2","P",75.335,32.488,58.75,"A",45,35.023,12.031,56.922,58,61
"Class2","P",73.715,68.627,54.931,"A",37,53.024,29.779,19.994,70,NA
"Class2","C",83.021,30.643,50.378,"A",37,65.257,28.992,61.238,41,60
"Class3",NA,70.797,35.536,24.459,"O",71,64.742,64.079,58.645,18,24
"Class2","C",80.51,74.315,47.964,"Q",45,47.538,8.371,37.99,42,61
"Class3","Z",68.555,94.057,18.397,"A",80,75.59,66.102,33.907,17,42
"Class3","C",66.388,86.258,12.158,"L",61,63.968,41.692,53.79,76,80
"Class2","A",88.406,68.074,50.053,"A",36,102.505,8.532,65.236,45,54
"Class3","C",73.244,88.207,15.869,"L",69,59.202,45.257,48.855,76,73
"Class3","J",65.531,82.377,7.387,"N",66,51.186,48.282,50.03,15,37
"Class2","A",79.837,63.947,46.996,"K",40,79.318,15.331,79.14,34,57
"Class2","A",74.666,54.922,47.439,"A",40,96.522,3.998,31.552,34,NA
"Class2","P",92.786,57.255,55.336,"K",43,65.156,7.615,11.227,58,56
"Class3","X",66.974,78.875,27.107,"N",70,53.136,68.343,32.014,24,59
"Class3","E",68.187,119.488,26.26,"O",59,73.016,45.808,53.609,56,80
"Class3","C",70.463,88.286,24.61,"A",80,65.026,48.891,45.112,49,74
"Class2","R",78.819,50.343,48.402,"U",43,69.011,3.718,85.99,84,54
"Class1","Q",71.86,13.332,93.337,"N",61,72.53,56.11,64.159,32,NA
"Class2","R",77.209,51.845,57.16,"K",37,65.841,10.049,65.697,73,51
"Class3","X",68.583,63.887,10.444,"E",66,56.784,47.575,31.871,80,30
"Class2","D",77.411,43.074,57.72,"Q",39,93.492,26.238,26.014,35,58
"Class1","P",71.776,19.916,93.349,"U",51,74.281,42.19,23.541,20,9
"Class1","F",71.446,21.907,89.648,"N",61,68.114,42.124,87.383,20,3
"Class3","C",73.3,100.968,27.591,"A",62,46.91,56.847,44.367,73,45
"Class3","Z",69.238,75.774,20.404,"L",74,56.856,63.634,37.88,14,20
"Class3","Z",67.665,82.015,25.586,"L",70,69.846,66.432,38.835,55,64
"Class3","Z",66.706,60.189,9.661,"L",82,74.451,45.308,36.339,23,37
"Class2","A",76.108,26.569,52.782,"Q",44,79.361,25.253,80.239,49,NA
"Class1","H",70.986,35.158,87.234,"U",81,76.086,54.11,20.343,32,NA
"Class3","C",70.446,48.095,14.391,"L",78,46.495,60.848,54.079,72,55
"Class3","E",68.706,58.813,24.411,"E",57,51.39,59.495,58.548,73,49
"Class3","E",70.33,72.179,6.489,"N",59,60.63,63.696,53.532,40,27
"Class2","R",86.222,47.626,47.745,"A",38,79.792,24.766,20.251,52,54
"Class3","Z",67.881,114.567,12.954,"N",71,70.412,71.652,31.777,27,15
"Class1","H",71.472,24.786,89.847,"N",44,51.688,30.886,35.818,20,10
"Class2","P",84.001,59.91,48.737,"H",42,65.272,24.625,42.902,43,52
"Class3","C",71.088,54.532,16.841,"N",64,71.504,40.768,57.172,15,17
"Class2","D",79.94,78.393,56.093,"U",39,61.968,20.439,56.023,96,54
"Class1","Q",71.248,29.187,92.368,"N",74,72.806,39.164,21.503,21,7
"Class1","H",70.962,63.762,91.754,"U",83,77.216,45.377,58.145,23,4
"Class3","Z",69.363,69.374,21.558,"L",73,72.76,52.446,55.24,17,19
"Class2","C",85.415,57.506,47.275,"U",41,79.047,4.674,16.07,37,57
"Class2","P",77.125,62.84,57.911,"Q",36,74.812,28.205,15.83,95,59
"Class1","E",71.408,34.568,91.773,"U",52,79.561,36.993,31.114,20,6
"Class1","F",71.816,25.384,89.187,"N",80,81.14,47.248,26.832,24,9
"Class1","E",71.497,43.387,90.186,"G",81,77.65,36.646,71.922,29,13
"Class3","C",69.157,52.967,33.719,"O",71,58.939,70.993,43.834,51,NA
"Class1","H",71.293,16.484,91.737,"G",78,83.282,26.637,87.03,30,6
"Class1","H",71.698,32.283,91.314,"N",61,60.343,33.638,47.954,25,13
"Class2","C",89.715,36.727,58.768,"U",44,68.526,21.002,39.359,69,52
"Class1","E",71.13,17.892,88.172,"U",59,79.044,45.906,49.187,27,NA
"Class1",NA,71.689,18.175,89.808,"N",79,78.644,27.132,35.794,24,13
"Class3","J",67.805,49.951,22.128,"E",61,60.136,59.651,45.389,43,27
"Class3","Z",69.78,73.734,34.086,"E",70,57.209,59.042,35.273,19,16
"Class2","A",79.976,66.251,56.973,"H",43,64.656,10.106,18.026,50,61
"Class2","A",75.373,52.401,48.258,"A",38,53.202,30.844,39.175,40,52
"Class3","Z",69.67,78.306,28.196,"O",57,65.599,56.161,47.75,30,54
"Class1","F",71.71,35.781,93.565,"Y",52,63.034,36.973,41.86,31,9
"Class1","P",71.626,31.474,93.23,"U",41,73.854,56.316,49.857,32,13
"Class3","E",70.855,65.421,3.878,"A",59,77.934,63.504,36.607,86,17
"Class1","Q",72.033,39.726,92.351,"G",62,99.822,28.615,69.13,29,12
"Class1","P",71.84,38.689,92.939,"G",79,75.557,40.706,78.489,26,8
"Class2","D",90.676,49.56,50.628,"A",43,93.84,10.492,10.253,89,51
"Class1","H",71.353,33.31,87.494,"D",58,75.493,36.146,50.082,22,6
"Class1","H",71.22,32.69,88.838,"D",81,56.135,47.785,45.787,24,5
"Class3","J",69.158,52.316,19.375,"N",69,77.58,46.545,40.942,79,49
"Class2","P",88.239,58.252,52.546,"K",37,63.241,3.714,43.253,95,59
"Class3","X",66.075,100.66,0.308,"A",76,58.627,56.25,44.54,41,66
"Class2","R",82.573,47.757,54.696,"U",42,62.627,7.11,16.436,60,56
"Class1","F",71.87,68.487,87.976,"G",88,62.383,52.824,45.253,25,11
"Class1","P",71.425,29.19,90.05,"N",46,78.084,52.826,43.548,26,11
"Class1","P",71.311,64.025,89.293,"N",63,87.629,36.368,41.612,24,3
"Class2","P",77.687,63.538,59.889,"U",39,72.253,26.278,26.916,57,56
"Class3","J",71.264,103.421,19.88,"L",76,65.822,67.412,54.159,65,75
"Class2","R",75.393,52.334,51.862,"Q",43,58.924,5.537,48.25,94,58
"Class3","C",68.479,69.22,28.591,"E",69,73.293,67.012,56.888,72,40
"Class2","D",66.137,51.087,49.662,"K",37,90.756,14.154,56.811,44,56
"Class2","R",71.972,57.852,46.881,"K",39,83.316,17.717,62.307,55,51
"Class1","Q",71.466,23.452,88.139,"D",68,57.701,46.662,57.458,20,14
"Class2","C",83.156,66.912,49.397,"H",43,69.332,18.263,30.925,89,58
"Class3","J",70.921,76.626,33.371,"A",80,68.79,38.559,36.042,88,15
"Class3","Z",70.968,60.868,2.026,"E",61,56.431,51.609,36.878,30,81
"Class2","R",79.327,63.547,58.587,"A",40,38.607,28.148,78.568,79,60
"Class2","P",71.009,67.237,54.037,"A",39,60.029,30.508,33.713,84,52
"Class1","Q",71.753,31.428,90.385,"N",61,54.747,29.903,95.497,28,9
"Class3","C",70.207,56.254,22.172,"N",59,66.099,63.253,35.944,69,30
"Class1","Q",71.958,47.807,90.135,"D",78,68.394,27.308,28.637,30,12
"Class3","Z",71.941,50.908,21.011,"O",82,64.203,44.833,34.369,50,19
"Class3","E",69.274,69.895,7.86,"O",78,58.2,45.415,34.664,67,40
"Class3","Z",67.431,67.508,28.691,"E",79,65.931,38.069,50.569,54,26
"Class3","C",66.98,69.272,9.92,"O",76,63.199,43.775,54.511,89,19
"Class2","P",81.137,61.119,51.394,"A",41,75.503,25.203,47.687,59,53
"Class1","H",71.085,32.396,93.903,"D",51,82.19,48.663,83.818,21,4
"Class3","Z",68.386,87.376,17.57,"L",64,66.233,66.111,52.2,86,52
"Class2","R",74.006,39.241,54.451,"Q",40,64.286,25.321,38.778,78,58
"Class2","A",82.114,69.192,55.206,"K",42,93.145,2.447,85.169,92,58
"Class3","C",67.439,85.398,20.687,"A",57,79.552,49.11,38.328,44,53
"Class1","E",71.583,40.234,93.744,"N",79,84.083,30.768,77.056,27,10
"Class3","J",65.03,52.792,0.032,"E",69,68.383,61.638,58.278,66,28
"Class1","F",71.327,39.849,87.643,"D",87,64.716,44.814,78.052,29,14
"Class2","P",90.024,57.964,55.053,"H",37,98.155,12.135,77.402,76,52
"Class2","P",71.006,52.827,48.195,"H",38,82.228,28.428,53.367,51,56
"Class1","F",71.574,41.83,89.784,"N",83,74.116,25.868,63.948,20,8
"Class3","E",67.745,72.208,7.319,"E",71,56.97,53.587,48.061,86,19
"Class1","E",71.331,40.461,87.576,"N",52,59.075,25.499,60.932,29,14
"Class1","P",71.567,36.803,90.235,"D",46,71.197,58.436,51.722,27,12
"Class2","D",73.298,50.922,55.493,"H",41,57.491,15.189,83.203,71,60
"Class1","Q",71.254,30.358,91.393,"Y",50,73.972,49.449,88.774,23,14
"Class3","Z",64.027,80.836,27.236,"O",81,66.808,67.138,40.919,35,15
"Class3","J",67.399,91.745,25.72,"L",76,61.561,50.437,49.804,28,78
"Class1","Q",71.509,45.737,91.639,"G",40,77.411,36.392,57.477,32,8
"Class3","E",68.907,88.421,2.535,"N",65,60.516,67.914,58.468,43,65
"Class2","P",79.285,72.105,48.695,"H",42,45.97,12.409,31.114,52,58
"Class3","C",72.469,94.492,35.759,"N",59,60.643,51.876,50.142,83,45
"Class3","X",67.693,81.835,27.026,"O",57,69.818,53.095,34.934,79,25
"Class1",NA,71.127,26.621,93.753,"N",63,67.135,28.369,81.893,25,3
"Class1","H",71.63,35.415,91.673,"N",67,64.163,42.269,68.174,28,6
"Class1","P",71.163,34.114,87.93,"N",45,79.597,45.197,88.009,28,5
"Class2","P",80.474,44.302,46.566,"K",44,80.492,19.452,76.624,46,57
"Class2","C",76.018,65.132,46.093,"H",46,45.013,2.945,30.864,68,56
"Class2","R",85.049,62.118,56.205,"K",42,58.662,7.945,24.157,86,60
"Class2","P",88.062,63.125,50.379,"A",39,66.097,8.554,70.045,52,52
"Class2","C",88.15,55.761,47.967,"A",41,60.462,18.133,10.309,54,54
"Class1","E",71.227,32.905,87.971,"D",62,72.73,30.966,67.709,32,3
"Class3","E",72.683,47.604,5.107,"A",74,63.449,55.724,47.862,64,54
"Class3","J",70.198,62.226,7.242,"O",67,58.692,70.751,53.787,57,44
"Class2","P",81.928,42.358,52.224,"Q",36,65.062,11.376,23.074,81,58
"Class1","P",71.473,53.171,93.23,"N",83,74.772,52.581,80.333,30,3
"Class1","Q",72.113,26.105,91.257,"U",60,80.035,35.399,15.343,31,4
"Class1","F",71.71,54.346,92.229,"N",68,74.294,56.977,62.052,26,8
"Class3","C",68.735,47.365,13.178,"E",75,59.05,62.523,51.587,42,55
"Class2","C",77.465,39.36,51.469,"Q",44,48.587,22.556,68.93,56,61
"Class3","Z",74.254,69.757,2.881,"A",67,65.08,61.577,48.931,35,79
"Class2","A",82.691,61.093,49.349,"K",39,20.586,15.093,71.103,85,56
"Class1","E",71.479,17.084,87.95,"D",67,87.698,58.266,28.536,30,12
"Class1","H",71.941,34.627,87.671,"Y",64,66.348,56.116,60.817,32,3
"Class2","A",86.811,67.122,46.903,"K",40,93.435,14.844,78.389,95,54
"Class3","E",72.489,79.277,25.927,"E",78,53.918,53.153,47.282,82,75
"Class2","D",85.504,56.576,49.406,"U",37,37.373,3.741,24.354,75,52
"Class2","D",89.227,58.657,49.539,"H",38,81.79,13.341,18.163,88,54
"Class2","D",92.324,56.225,59.91,"A",41,110.224,18.3,68.738,38,57
"Class1","H",71.472,19.832,93.569,"Y",50,84.838,33.212,61.501,21,6
"Class1","E",71.825,25.559,87.85,"G",82,55.49,39.749,20.654,22,6
"Class2","P",80.448,63.015,56.718,"H",38,48.763,6.33,67.532,82,51
"Class1","P",71.917,27.212,89.284,"N",62,100.038,37.856,62.674,23,12
"Class2","D",80.966,45.209,51.573,"K",40,78.769,20.988,76.649,94,53
"Class1","E",71.229,74.034,87.252,"N",73,62.07,37.357,77.293,21,7
"Class3","C",64.503,42.814,9.689,"A",76,64.723,59.807,38.013,38,66
"Class1","P",72.45,32.353,92.591,"Y",48,57.371,46.851,84.382,26,9
"Class2","R",84.324,60.341,54.615,"U",44,87.532,11.836,76.524,95,52
"Class2","P",88.236,59.74,46.008,"K",44,73.27,18.531,31.442,91,59
"Class1",NA,71.963,36.839,92.072,"D",59,69.34,46.277,55.121,32,4
"Class1","F",71.51,32.866,90.243,"D",64,79.893,29.034,48.464,25,6
"Class3","Z",72.158,73.785,8.575,"L",72,67.312,58.677,51.275,82,64
"Class3","X",67.842,51.641,27.041,"O",70,67.326,39.143,55.507,46,33
"Class3","C",69.632,69.571,28.559,"O",69,72.739,70.706,50.558,37,76
"Class3","X",67.463,45.775,25.441,"O",81,61.653,63.046,45.708,64,23
"Class2","P",90.097,88.836,56.257,"K",36,92.737,7.167,41.103,37,56
"Class3","E",67.508,70.732,7.299,"O",80,63.321,51.254,34.645,68,75
"Class2","R",80.333,77.403,57.366,"A",39,63.761,26.706,42.08,89,59
"Class3","X",66.561,78.114,29.185,"A",66,58.456,41.424,56.15,30,73
"Class3","X",69.094,85.809,3.185,"O",75,68.6,41.663,33.987,63,44
"Class2","C",73.666,65.084,48.235,"H",46,80.832,28.044,71.205,72,59
"Class1","P",71.355,43.224,90.146,"N",81,79.758,37.766,21.008,31,9
"Class1",NA,71.436,28.308,92.404,"D",88,71.026,56.225,42.084,21,8
"Class3","E",68.624,89.083,13.342,"L",75,54.836,63.423,56.877,60,54
"Class2","R",97.475,40.759,51.096,"U",44,28.255,6.839,73.187,46,59
"Class1","F",71.299,40.59,91.207,"G",87,74.379,32.913,78.176,24,12
"Class3","J",69.099,47.861,32.551,"E",67,57.792,59.698,55.444,39,23
"Class2","C",73.652,73,53.633,"K",44,68.008,10.386,74.854,40,53
"Class3","C",68.561,84.305,9.686,"A",74,87.76,48.329,55.964,28,51
"Class2","R",83.478,48.392,46.455,"Q",45,64.38,11.448,55.447,58,61
"Class3","E",67.403,45.908,6.128,"E",72,78.765,54.713,35.672,68,26
"Class3","C",66.574,46.657,25.949,"L",72,65.17,59.362,49.512,74,55
"Class3","X",69.926,41.403,23.08,"E",71,61.312,69.893,46.672,71,15
"Class3","C",67.069,87.999,1.041,"E",57,69.603,64.76,45.204,30,30
"Class1","Q",71.695,28.161,88.342,"N",48,79.615,30.67,64.16,27,13
"Class2","D",67.424,49.058,54.139,"A",36,84.64,29.576,12.61,45,60
"Class3","C",72.459,55.859,33.953,"E",60,71.469,47.88,52.185,59,13
"Class1","P",71.669,11.856,87.301,"U",76,67.961,57.826,92.455,29,3
"Class3","X",71.141,74.851,12.715,"L",74,64.701,37.773,54.387,59,31
"Class2","C",80.413,68.237,49.456,"U",44,32.084,23.639,71.707,41,59
"Class1","H",71.971,34.294,93.095,"D",55,67.704,53.379,43.583,30,11
"Class2","C",82.155,49.63,59.134,"A",40,115.159,2.899,48.294,92,53
"Class2","A",66.26,50.817,48.002,"A",45,90.961,28.179,9.527,97,55
"Class1","Q",71.407,26.628,91.065,"G",62,62.098,46.864,77.471,29,13
"Class1","E",71.343,53.79,90.88,"G",85,73.684,48.193,40.557,28,11
"Class1","H",71.678,45.678,93.453,"G",49,82.469,55.733,67.484,26,8
"Class3","E",64.976,59.836,23.585,"N",76,53.745,44.912,49.532,55,31
"Class2","R",81.878,53.183,46.388,"U",36,90.243,22.623,40.656,53,55
"Class3","C",67.014,60.756,28.173,"E",78,60.802,48.481,44.097,14,25
"Class2","P",85.533,74.427,58.6,"A",40,70.029,25.854,35.52,93,59
"Class3","C",70.949,78.043,3.667,"E",68,58.294,56.725,47.599,20,34
"Class3","J",70.533,68.668,15.483,"N",82,63.649,53.029,46.76,46,66
"Class1","P",71.2,24.026,90.35,"N",39,78.352,38.277,57.8,21,4
"Class3","X",71.791,80.17,28.922,"E",76,66.826,70.241,42.847,14,31
"Class3","C",71.547,74.714,9.139,"A",59,66.795,64.72,56.557,54,NA
"Class1","H",71.282,44.805,93.339,"D",76,71.066,55.519,52.568,20,3
"Class2","C",88.313,53.534,48.872,"K",36,99.791,30.502,57.304,43,60
"Class2","R",80.621,61.127,56.148,"H",44,83.715,7.724,55.712,88,58
"Class3","J",68.528,67.324,14.37,"L",77,61.123,62.241,36.784,52,17
"Class1","F",70.769,22.348,87.371,"G",44,74.98,33.493,94.948,26,3
"Class3","E",69.311,53.467,11.493,"O",78,63.565,52.149,33.857,71,62
"Class2","D",73.374,59.092,58.647,"K",44,56.381,19.209,75.421,91,58
"Class2","A",84.649,49.569,46.493,"Q",42,49.555,4.381,35.721,67,61
"Class1","H",71.793,37.99,87.146,"G",48,70.084,32.306,67.893,26,10
"Class3",NA,73.302,55.404,18.482,"E",66,64.545,45.097,46.543,79,20
"Class2","R",79.223,69.583,53.618,"Q",36,66.728,26.605,42.181,56,53
"Class1","F",71.237,61.252,92.337,"D",66,60.053,44.652,82.79,27,5
"Class2","R",95.614,34.492,59.758,"H",38,57.155,26.139,32.325,87,58
"Class2","P",67.354,55.865,48.546,"H",40,80.369,10.832,57.031,59,56
"Class3","C",65.688,80.986,15.284,"N",68,78.036,37.607,44.977,73,43
"Class3","J",73.387,88.762,5.087,"E",58,56.867,58.596,53.079,68,18
"Class1","F",70.408,41.416,89.807,"G",53,69.278,59.169,70.914,21,11
"Class3","Z",67.593,45.894,10.636,"O",72,61.529,71.752,54.318,88,71
"Class1","Q",71.005,38.161,88.683,"G",86,75.669,44.852,96.363,22,9
"Class3","X",72.801,48.974,24.795,"A",79,61.031,51.355,40.407,16,48
"Class2","A",84.889,50.251,57.642,"Q",40,84.855,25.948,39.054,91,55
"Class2","D",78.786,65.432,53.118,"Q",36,83.08,5.021,55.262,50,53
"Class2","A",96.193,55.468,48.774,"K",38,86.352,7.625,52.494,84,60
"Class3","Z",70.451,70.515,5.602,"O",57,61.269,60.849,29.127,59,18
"Class2","C",101.364,60.465,46.678,"K",38,57.843,10.481,31.665,72,58
"Class3","X",70.977,64.753,21.899,"N",64,71.427,56.341,42.261,57,80
"Class2","A",84.297,58.68,51.06,"U",44,78.218,18.112,72.415,68,51
"Class2",NA,73.495,48.98,54.486,"K",37,50.947,28.264,24.55,48,57
"Class1",NA,71.786,30.801,89.887,"Y",48,60.642,49.785,84.089,30,8
"Class3","J",71.373,58.137,14.424,"O",63,78.562,67.22,37.947,45,20
"Class3","E",66.242,72.188,11.376,"L",63,58.387,46.91,55.552,78,45
"Class3","X",65.948,93.646,14.735,"L",68,68.638,60.054,43.88,70,77
"Class3","X",64.369,60.978,17.486,"N",75,66.54,45.457,46.028,78,70
"Class2","D",81.745,50.382,55.492,"U",39,76.854,30.365,66.261,56,52
"Class2","R",75.379,57.12,47.792,"A",38,85.012,24.447,11.773,65,53
"Class1","H",71.772,47.64,93.575,"N",68,64.376,45.396,32.82,28,11
"Class2","R",76.791,49.783,50.778,"Q",43,98.898,2.621,29.884,38,61
"Class3","X",66.528,102.05,33.887,"E",71,61.502,52.601,31.543,44,32
"Class2","A",74.65,51.766,55.466,"K",43,80.018,29.389,22.355,49,56
"Class3","E",67.664,70.43,12.413,"E",62,52.919,44.557,56.77,23,27
"Class2","R",79.876,33.688,46.764,"K",42,64.672,13.032,13.877,42,54
"Class2","D",75.426,43.348,46.416,"H",41,53.357,26.414,27.804,35,54
"Class2","P",73.889,40.022,48.051,"K",37,69.455,22.4,37.825,33,59
"Class3","E",69.901,95.306,30.053,"O",68,55.81,71.977,50.097,82,57
"Class3","J",68.574,52.869,33.701,"N",78,60.808,55.288,32.834,82,29
"Class2","C",78.191,33.79,56.915,"A",43,73.364,18.622,75.541,86,54
"Class2","C",84.108,65.511,58.189,"H",41,85.866,25.022,64.583,98,58
"Class1","Q",71.163,68.317,91.192,"G",56,83.532,58.575,83.755,31,12
"Class1","E",71.405,24.981,92.4,"U",83,81.415,42.89,87.444,30,7
"Class3","X",71.576,71.927,18.645,"O",57,59.671,43.58,42.668,55,59
"Class1","H",71.473,42.65,87.629,"Y",60,71.233,33.337,82.478,25,12
"Class2","R",72.185,53.892,49.11,"H",38,86.852,18.04,25.419,96,56
"Class3","C",70.754,70.07,9.237,"N",75,75.313,48.054,53.523,64,34
"Class3","E",75.129,59.451,34.266,"L",67,73.88,58.256,58.901,16,55
"Class2","A",82.836,46.566,57.641,"A",40,15.032,21.981,65.234,55,53
"Class2","D",85.161,72.051,51.336,"H",43,46.103,16.235,79.331,90,56
"Class1",NA,71.647,54.284,90.911,"N",82,70.982,26.857,60.967,23,3
"Class1","P",71.799,78.647,91.107,"D",59,83.701,29.644,61.088,31,6
"Class2","D",79.476,56.894,52.118,"A",42,77.781,29.403,66.183,58,52
"Class3","Z",67.68,83.817,24.148,"N",63,71.422,66.025,55.809,17,46
"Class2","C",72.136,63.643,51.123,"H",43,43.666,10.148,61.4,75,56
"Class2","D",82.433,49.61,58.455,"U",39,54.558,17.613,79.966,80,NA
"Class2","R",74.752,54.548,57.01,"K",36,73.444,26.895,12.625,78,51
"Class2","A",79.28,62.167,46.046,"Q",42,46.366,5.317,82.543,72,56
"Class3","J",69.182,65.451,3.708,"E",57,52.279,46.235,41.281,65,47
"Class2","C",78.256,55.787,58.4,"H",39,61.373,27.071,57.318,95,57
"Class1","E",72.13,18.387,87.584,"N",39,72.274,46.361,81.594,30,3
"Class1","Q",70.851,16.528,88.908,"D",74,76.171,58.697,79.858,23,9
"Class1","H",71.695,45.108,88.14,"D",56,72.39,40.056,62.819,32,14
"Class3","E",65.071,59.822,2.916,"L",68,70.482,47.169,32.622,86,59
"Class3","C",68.998,49.692,4.659,"L",59,66.786,40.757,45.777,21,17
"Class1","E",71.69,42.789,90.582,"Y",54,83.806,55.76,53.317,24,4
"Class2","R",83.393,26.508,49.113,"A",44,51.063,22.313,58.151,49,57
"Class2","R",77.263,46.879,48.059,"U",41,72.775,12.225,77.846,51,56
"Class1","F",70.792,32.844,93.091,"G",44,76.3,28.206,61.137,25,13
"Class2","A",79.623,53.353,47.711,"Q",43,45.116,29.935,66.496,38,59
"Class1","H",71.65,18.678,93.747,"N",48,79.445,56.98,63.308,30,8
"Class3","E",74.583,95.498,8.432,"O",64,62.54,43.242,29.817,56,44
"Class3","J",65.855,60.135,16.683,"A",78,79.859,68.86,52.433,84,42
"Class2","A",88.797,43.813,47.682,"U",41,47.42,15.073,81.226,96,NA
"Class3","E",66.951,87.137,33.937,"N",77,75.864,70.249,31.513,42,64
"Class2","A",84.531,64.759,46.889,"H",40,57.844,3.794,47.097,58,59
"Class3","Z",68.383,71.809,19.958,"A",79,71.327,40.681,47.833,19,17
"Class2","C",72.675,37.391,57.707,"K",42,73.849,8.37,71.906,95,52
"Class2","R",89.242,61.574,56.45,"K",41,78.365,28.344,33.374,63,NA
"Class1","F",71.325,23.768,88.593,"U",61,84.605,33.537,85.828,21,12
"Class2","D",82.103,45.753,58.264,"K",43,99.674,11.947,35.383,42,57
"Class1","P",71.809,60.214,92.471,"N",53,76.752,28.179,95.822,29,12
"Class2","A",88.682,46.226,57.734,"Q",36,87.046,6.781,76.817,97,55
"Class1","F",71.857,35.316,93.962,"G",71,72.031,47.208,63.131,27,3
"Class3","Z",70.615,64.107,24.973,"L",60,47.418,67.628,38.586,24,43
"Class2","P",80.087,57.308,54.876,"H",43,82.642,16.053,16.86,88,61
"Class1","H",71.913,41.574,93.835,"U",84,80.294,52.793,28.236,21,12
"Class3","J",67.861,74.584,32.023,"A",78,61.544,55.116,58.333,40,24
"Class2","A",90.263,55.893,50.395,"K",42,82.468,16.246,9.95,83,54
"Class3","Z",70.567,68.119,29.727,"L",69,69.741,68.838,44.846,55,20
"Class2","C",73.838,67.198,55.111,"Q",39,69.268,25.655,37.341,36,58
"Class1","F",71.082,46.446,87.209,"U",64,78.629,30.967,70.237,24,3
"Class1","Q",71.607,25.924,89.287,"G",86,81.948,47.197,76.707,28,12
"Class2","D",81.288,43.881,55.525,"U",39,101.265,30.677,84.903,44,58
"Class3","C",69.907,103.172,14.423,"L",77,71.464,37.774,37.425,42,40
"Class1","Q",71.92,37.086,92.106,"Y",68,70.819,33.389,81.93,25,14
"Class1","E",71.522,30.861,88.373,"G",86,80.469,28.179,43.313,29,5
"Class2","R",82.654,47.894,52.557,"A",41,62.695,24.669,35.096,96,60
"Class3","E",63.86,83.99,1.076,"A",63,58.855,68.036,53.685,41,35
"Class3","C",67.591,47.712,14.298,"O",79,50.69,70.458,48.016,66,39
"Class1","H",70.932,62.754,92.429,"U",84,86.531,31.263,55.812,23,9
"Class3","Z",71.377,87.724,24.722,"N",69,62.104,62.432,32.621,58,69
"Class1","Q",71.371,47.195,93.049,"D",70,77.236,42.026,78.419,27,5
"Class1","P",71.359,24.831,89.324,"U",71,63.794,54.603,37.756,21,4
"Class1","H",70.838,41.637,87.98,"G",50,67.452,42.939,44.799,21,9
"Class1","H",71.371,64.078,91.939,"G",86,79.524,50.01,23.707,32,13
"Class2","D",75.139,47.611,55.88,"U",37,72.56,14.863,82.267,79,58
"Class2","A",97.594,69.284,59.435,"U",43,116.081,20.584,55.838,53,61
"Class3","J",70.705,93.688,2.662,"L",59,76.473,52.91,45.57,78,67
"Class3","Z",65.65,71.382,16.57,"O",77,60.581,47.352,41.061,27,40
"Class3","Z",67.709,88.558,19.797,"E",69,75.861,60.636,38.008,27,79
"Class2",NA,98.356,46.188,54.694,"H",46,61.139,22.827,44.891,60,58
"Class3","E",64.825,60.976,30.885,"E",71,70.19,43.203,49.835,40,44
"Class3","C",71.406,96.775,9.428,"N",60,70.808,66.193,51.738,85,47
"Class3","E",67.845,90.993,34.765,"O",64,53.556,44.027,48.44,44,65
"Class2","A",74.677,56.699,50.031,"U",36,75.052,28.653,53.919,95,59
"Class1","Q",71.55,21.544,89.395,"N",72,69.438,50.157,20.517,25,4
"Class2","C",84.118,41.249,53.527,"K",36,53.705,11.932,76.812,98,56
"Class3","J",69.922,58.332,8.202,"O",66,63.263,50.36,57.722,32,32
"Class2","P",84.284,54.822,49.933,"K",41,47.076,4.419,21.095,82,59
"Class3","E",69.807,65.508,14.167,"N",71,64.226,37.667,36.234,36,81
"Class3","X",70.289,58.076,20.881,"L",77,71.857,70.377,37.977,66,NA
"Class3","Z",70.793,98.025,33.931,"O",76,61.842,59.56,47.29,36,31
