"M1","M2","M3","M4","M5","M6","M7","Output12","M8","M9","M10","M11"
92.471,62,"J",11.768,67.644,86.034,27,"Class3","Y",59.509,16.861,81
48.88,45,"N",61.445,48.048,24.425,25,"Class1","U",64.727,73.377,72
87.414,52,"T",50.463,31.023,41.592,23,"Class4","Y",96.91,6.344,52
87.119,37,"A",52.218,33.01,41.273,22,"Class4","X",96.478,3.508,65
48.329,44,"F",74.005,48.047,60.67,84,"Class1","U",47.003,73.772,65
85.235,63,"C",31.5,64.66,46.357,7,"Class3","L",52.185,15.908,82
87.401,54,"O",36.114,39.296,42.107,22,"Class4","Y",96.515,1.709,84
18.306,55,"M",69.96,79.531,16.147,89,"Class2","J",51.709,90.743,41
97.02,62,"Q",13.617,64.982,46.453,24,"Class3","N",57.771,16.432,85
89.805,63,"Q",74.474,66.392,67.106,37,"Class3","T",59.211,15.82,20
17.312,42,"I",66.148,82.438,12.888,85,"Class2","X",67.402,100.699,31
87.738,53,"U",31.525,52.099,41.615,23,"Class4","R",96.338,4.715,50
87.525,54,"J",23.076,62.573,41.615,23,"Class4","Y",96.856,1.87,74
19.985,41,"I",64.878,77.007,17.474,94,"Class2","Q",64.747,83.233,34
18.128,37,"M",68.147,81.555,12.887,90,"Class2","J",65.278,90.443,45
88.076,54,"A",45.541,54.498,42.059,21,"Class4","X",96.899,3.564,65
87.555,38,"U",45.237,36.376,41.146,21,"Class4","X",96.836,3.79,76
87.447,43,"U",42.988,58.544,41.115,22,"Class4","X",96.355,3.396,85
87.326,62,"Q",NA,65.324,75.701,21,"Class3","L",56.058,16.889,92
45.485,45,"L",23.033,48.625,80.518,13,"Class1","W",66.033,73.324,63
87.134,36,"J",33.636,57.254,41.531,22,"Class4","X",96.632,3.339,72
56.042,43,"F",26.178,48.455,23.138,15,"Class1","R",53.587,73.475,87
59.564,63,"O",39.977,65.564,68.889,75,"Class3","L",58.766,16.409,31
87.215,57,"J",40.655,57.822,41.074,21,"Class4","J",96.025,4.609,57
87.341,36,"J",34.957,34.477,41.213,22,"Class4","X",96.98,1.761,89
87.954,39,"J",46.579,72.602,41.642,21,"Class4","Y",96.915,3.773,84
71.75,62,"M",42.616,69.885,8.677,64,"Class3","D",58.326,15.773,13
51.043,44,"F",58.783,48.593,38.717,71,"Class1","R",53.706,73.147,65
20.894,57,"F",NA,75.289,12.996,90,"Class2","T",55.856,88.236,35
21.637,57,"Z",70.128,75.47,14.057,80,"Class2","T",59.213,92.834,41
19.976,65,"F",66.072,77.603,12.108,85,"Class2","X",50,95.488,42
19.972,41,"I",72.345,78.573,11.197,88,"Class2","X",53.196,65.14,45
19.384,50,"F",67.433,77.211,15.333,89,"Class2","T",68.511,86.128,36
87.234,46,"O",48.045,39.8,41.453,21,"Class4","X",96.208,1.757,85
68.015,45,"L",44.329,48.445,60.536,25,"Class1","R",26.445,73.425,86
87.598,43,"A",23.909,56.485,41.738,23,"Class4","X",96.188,2.006,57
87.657,50,"J",55.047,68.196,41.407,21,"Class4","J",96.011,0.93,61
93.618,63,"C",34.869,67.381,63.935,75,"Class3","L",50.272,16.868,53
87.729,54,"O",34.658,29.07,42.077,23,"Class4","A",96.945,4.127,78
21.094,36,"I",68.293,78.737,12.257,96,"Class2","J",60.435,86.668,39
42.946,43,"N",32.48,48.616,84.847,13,"Class1","W",33.89,73.264,76
76.847,61,"J",68.18,63.768,67.492,21,"Class3","L",53.307,16.501,55
63.857,46,"T",15.309,48.591,38.844,82,"Class1","U",51.655,73.727,77
18.674,35,"L",66.167,79.803,14.796,83,"Class2","Q",51.785,82.067,33
91.576,61,"Q",70.752,66.629,46.263,28,"Class3","T",53.045,16.288,25
80.103,61,"C",56.487,64.164,50.05,40,"Class3","Y",55.895,16.511,33
87.614,47,"U",41.98,33.42,41.735,23,"Class4","X",96.378,4.695,76
87.593,61,"O",66.622,68.067,72.394,68,"Class3","D",53.47,16.446,85
69.757,63,"J",56.265,66.067,34.235,72,"Class3","D",57.752,16.208,88
20.649,38,"F",71.854,78.715,11.746,81,"Class2","K",70.071,109.779,35
19.519,58,"Z",69.084,76.489,9.745,95,"Class2","T",70.152,86.006,38
19.569,42,"Z",67.371,78.54,8.77,85,"Class2","K",54.626,98.407,45
73.838,62,"O",54.604,64.329,30.772,64,"Class3","D",54.511,16.304,69
102.28,62,"Q",63.822,64.275,69.216,9,"Class3","Y",48.643,16.497,33
79.935,61,"C",23.341,69.574,10.531,34,"Class3","D",49.407,16.229,64
19.153,60,"M",69.646,76.087,16.804,88,"Class2","X",69.751,92.569,41
87.993,46,"O",45.748,32.685,41.588,23,"Class4","A",96.951,4.607,70
20.697,54,"F",67.49,80.263,6.85,96,"Class2","T",58.363,92.053,42
87.586,42,"O",40.819,60.931,41.206,23,"Class4","X",96.403,3.248,77
19.942,58,"I",65.323,76.413,14.809,90,"Class2","X",68.608,90.021,39
20.902,56,"Z",69.991,75.6,14.272,84,"Class2","T",51.708,79.943,43
40.371,44,"L",67.123,48.787,62.295,63,"Class1","G",25.247,74.038,64
51.343,44,"G",60.787,48.352,63.159,76,"Class1","G",49.107,73.889,82
18.61,41,"F",65.745,78.1,8.54,89,"Class2","K",71.39,96.297,42
20.328,65,"L",72.374,75.146,17.595,91,"Class2","Q",66.139,89.869,30
21.193,56,"Z",NA,79.957,7.76,84,"Class2","Q",69.937,78.455,30
84.622,61,"Q",76.874,68.81,36.487,73,"Class3","N",58.439,16.24,50
88.705,62,"Q",69.403,69.978,47.927,10,"Class3","Y",59.573,15.763,92
73.089,62,"M",39.353,68.333,69.067,45,"Class3","N",48.663,16.305,71
16.533,45,"G",53.784,48.475,9.484,18,"Class1","U",40.321,73.327,81
70.999,44,"L",75.128,48.917,40.195,17,"Class1","W",30.96,73.654,74
87.608,47,"O",26.481,44.29,41.176,23,"Class4","J",96.611,4.267,84
87.422,40,"O",44.572,75.945,41.696,23,"Class4","X",96.109,0.262,74
29.694,44,"F",40.813,48.296,78.393,67,"Class1","H",60.703,73.014,61
19.886,44,"I",66.241,78.915,15.852,95,"Class2","J",60.847,100.431,42
94.328,61,"Q",60.037,65.698,33.877,33,"Class3","T",46.594,16.732,42
50.717,44,"G",21.219,48.108,73.579,50,"Class1","G",58.553,73.037,69
17.48,56,"Z",72.893,76.309,12.624,88,"Class2","T",61.239,81.023,30
87.191,45,"U",43.855,66.625,41.332,21,"Class4","Y",96.267,5.919,86
87.705,40,"U",40.37,50.546,40.954,22,"Class4","Y",96.16,3.608,51
35.818,44,"F",65.427,48.392,53.58,58,"Class1","U",69.448,73.13,81
87.286,44,"U",27.428,60.38,41.944,21,"Class4","Y",96.272,2.854,51
76.243,62,"M",70.423,67.91,47.643,7,"Class3","T",47.735,15.86,77
19.902,64,"M",69.459,77.411,12.066,87,"Class2","J",49.673,84.922,36
18.978,36,"F",67.572,81.595,9.401,89,"Class2","K",50.718,100.017,41
19.826,36,"L",65.668,79.615,11.438,86,"Class2","K",67.407,92.616,34
79.297,61,"C",39.076,64.314,107.995,8,"Class3","N",54.652,16.396,54
55.065,44,"L",45.731,48.943,52.551,71,"Class1","W",63.69,73.597,74
18.501,56,"L",NA,78.547,16.105,81,"Class2","K",65.164,102.718,43
60.899,62,"C",33.798,64.341,45.095,38,"Class3","N",58.507,16.273,60
87.621,40,"J",47.449,52.896,41.743,21,"Class4","A",96.083,2.162,73
87.695,55,"O",32.96,37.265,41.202,22,"Class4","A",96.64,2.194,49
18.565,40,"F",66.578,76.354,14.051,82,"Class2","T",52.483,87.277,36
87.715,53,"J",30.474,50.863,41.618,22,"Class4","J",96.67,2.707,56
78.375,62,"C",27.33,65.747,77.18,33,"Class3","Y",49.972,16.846,28
87.238,50,"J",NA,31.395,41.724,22,"Class4","R",96.263,1.764,73
20.556,35,"L",66.789,76.712,10.32,82,"Class2","Q",58.752,86.607,36
87.531,52,"J",23.243,26.182,41.545,22,"Class4","J",96.114,1.99,76
85.728,63,"J",76.515,65.153,97.098,53,"Class3","T",56.172,16.546,35
20.01,61,"M",70.178,78.21,12.533,91,"Class2","Q",53.705,97.135,34
27.078,45,"L",60.528,48.993,72.661,50,"Class1","G",65.626,73.873,71
69.173,62,"C",19.352,67.68,55.593,75,"Class3","Y",55.459,16.754,47
87.294,63,"C",13.369,67.914,31.138,77,"Class3","N",51.269,16.298,34
19.827,44,"Z",71.527,75.275,18.803,90,"Class2","J",63.076,92.183,32
50.545,45,"L",49.856,48.24,42.501,60,"Class1","H",65.146,73.14,82
19.643,52,"F",63.574,78.269,14.635,94,"Class2","T",65.974,84.921,39
87.139,47,"A",51.806,46.493,41.547,21,"Class4","X",96.91,3.246,55
89.29,61,"Q",77.276,67.496,39.162,25,"Class3","D",59.66,16.706,12
50.168,46,"F",28.137,48.828,63.638,73,"Class1","R",41.76,72.985,66
87.458,46,"O",52.269,68.068,41.562,21,"Class4","R",96.339,3.197,74
35.228,44,"G",75.127,48.622,85.402,36,"Class1","R",61.332,73.693,83
48.404,46,"F",24.665,48.795,25.09,40,"Class1","H",63.378,73.81,84
87.057,61,"O",61.246,64.71,78.049,22,"Class3","Y",49.543,16.48,9
78.989,61,"O",38.628,63.195,94.982,8,"Class3","L",56.595,16.586,66
87.611,50,"O",44.175,51.518,41.874,23,"Class4","Y",96.542,3.916,82
21.358,49,"Z",69.387,79.979,15.524,96,"Class2","K",59.113,101.685,44
91.766,62,"M",23.452,67.594,35.409,63,"Class3","L",NA,16.605,54
81.765,61,"J",37.17,66.085,78.155,66,"Class3","L",46.944,16.608,24
27.785,45,"F",77.698,48.062,37.918,37,"Class1","R",31.46,73.35,88
88.063,51,"A",26.805,75.774,40.331,21,"Class4","X",96.847,2.557,61
88.178,49,"A",25.464,29.811,41.714,23,"Class4","Y",96.491,3.75,67
73.002,63,"J",53.541,63.651,55.368,28,"Class3","Y",52.349,16.291,88
87.129,52,"J",51.161,62.186,41.852,21,"Class4","J",96.651,4.005,71
42.524,45,"G",35.343,48.236,77.111,41,"Class1","G",64.145,73.469,61
87.893,63,"Q",63.45,64.428,51.054,20,"Class3","T",54.864,16.574,47
87.69,50,"J",28.507,75.155,42.211,22,"Class4","A",96.019,3.982,49
52.977,45,"L",31.924,48.103,34.492,45,"Class1","G",62.257,73.177,85
31.366,46,"N",54.777,48.987,60.832,85,"Class1","U",54.175,73.866,88
79.287,44,"T",61.08,48.854,29.761,51,"Class1","R",30.015,73.805,78
30.406,44,"T",NA,48.452,35.788,55,"Class1","G",46.596,73.022,74
19.466,46,"L",68.327,78.856,9.168,87,"Class2","Q",67.245,93.402,31
16.614,38,"F",67.166,75.064,15.367,90,"Class2","K",52.12,102.679,36
47.804,46,"T",50.415,48.123,53.296,27,"Class1","W",44.018,73.754,65
87.401,42,"J",45.601,67.394,41.625,23,"Class4","Y",96.325,2.874,75
20.297,37,"L",NA,77.478,9.355,80,"Class2","Q",51.81,85.917,38
31.164,46,"N",23.163,48.813,35.514,22,"Class1","R",39.538,73.709,84
19.807,58,"F",70.635,77.548,16.083,95,"Class2","X",56.977,81.555,37
74.14,61,"J",15.553,63.471,53.018,67,"Class3","L",46.497,16.484,10
17.696,41,"Z",73.262,81.751,12.203,92,"Class2","Q",53.199,95.049,43
101.182,61,"J",60.26,68.803,45.705,46,"Class3","N",47.484,16.965,68
20.076,59,"M",73.331,79.025,13.243,87,"Class2","K",62.752,84.749,39
82.579,62,"M",69.566,66.889,32.983,65,"Class3","N",50.569,16.185,51
85.012,63,"M",70.167,65.575,57.074,92,"Class3","L",53.284,16.34,52
51.896,44,"F",78.252,48.401,14.037,42,"Class1","U",44.989,73.194,87
55.255,45,"F",39.507,48.405,67.542,45,"Class1","H",39.932,73.699,74
87.503,47,"A",23.057,75.213,41.785,23,"Class4","J",96.925,4.772,52
87.188,37,"T",NA,65.667,42.064,23,"Class4","A",96.247,4.753,85
55.181,46,"G",46.835,48.13,19.593,19,"Class1","R",40.163,73.231,78
78.352,46,"T",72.736,48.517,46.3,65,"Class1","H",45.562,74.172,67
75.15,63,"J",16.65,64.674,77.059,79,"Class3","N",57.157,16.27,75
74.274,61,"J",62.18,68.27,79.595,60,"Class3","Y",57.921,16.276,37
87.363,46,"U",24.567,42.863,41.263,21,"Class4","R",96.573,3.634,72
62.746,44,"G",62.44,48.272,-5.552,64,"Class1","H",69.998,73.11,61
18.831,47,"I",66.378,80.902,10.439,80,"Class2","X",56.082,91.399,31
86.956,55,"J",38.78,57.394,41.244,21,"Class4","J",96.834,3.606,59
81.488,61,"Q",38.576,69.355,62.844,30,"Class3","L",52.401,16.67,20
20.073,43,"L",71.91,75.347,16.119,96,"Class2","T",51.445,87.922,35
87.175,57,"O",30.25,52.692,40.936,21,"Class4","X",96.91,4.682,68
56.254,46,"L",13.486,48.707,107.098,64,"Class1","W",67.233,73.513,78
87.585,54,"A",25.443,73.479,41.688,23,"Class4","J",96.912,3.034,79
59.417,43,"T",76.868,48.909,69.503,56,"Class1","G",24.676,73.841,71
87.426,39,"A",23.274,49.668,42.222,22,"Class4","X",96.839,3.415,50
87.532,49,"J",34.189,56.477,41.745,21,"Class4","R",96.177,2.2,82
19.797,43,"M",71.949,79.37,15.308,87,"Class2","Q",68.787,71.618,44
48.774,43,"T",62.68,48.608,54.726,32,"Class1","W",44.429,73.743,63
74.316,63,"M",51.36,64.208,44.446,30,"Class3","T",58.348,16.304,60
51.635,46,"T",35.663,48.051,2.57,22,"Class1","U",43.303,73.318,65
87.971,38,"T",NA,32.068,41.945,22,"Class4","X",96.081,3.593,57
63.59,43,"F",81.567,48.6,71.194,12,"Class1","W",25.955,73.352,64
19.399,53,"M",69.169,82.376,6.394,83,"Class2","J",69.7,79.394,31
66.635,45,"T",62.462,48.718,81.834,42,"Class1","U",27.759,73.633,73
19.555,43,"L",19.404,48.708,55.478,27,"Class1","H",45.31,73.704,69
78.092,63,"M",76.778,66.095,67.267,34,"Class3","T",50.443,16.749,80
87.539,61,"J",75.464,67.136,61.227,40,"Class3","T",54.749,16.108,80
76.657,62,"J",48.532,67.308,118.496,83,"Class3","L",47.422,16.558,61
87.632,54,"O",27.175,42.49,41.907,22,"Class4","A",96.328,4.738,83
84.164,63,"O",43.488,68.563,67.443,56,"Class3","L",NA,16.532,13
77.553,63,"O",52.218,65.04,61.702,41,"Class3","N",52.784,16.399,45
18.478,50,"F",72.16,82.825,19.653,91,"Class2","K",69.583,82.929,37
87.935,41,"A",38.902,45.347,41.801,23,"Class4","Y",96.479,5.326,62
20.307,52,"M",68.533,78.467,15.652,80,"Class2","X",67.506,103.233,37
87.299,36,"O",35.32,59.133,41.643,21,"Class4","J",96.365,3.213,50
87.05,62,"J",70.636,65.67,27.857,29,"Class3","L",47.625,16.61,29
87.222,52,"U",43.844,59.177,41.113,22,"Class4","Y",96.349,2.704,62
87.737,49,"T",46.088,31.411,41.058,22,"Class4","Y",96.939,3.034,59
87.67,56,"A",49.541,29.02,41.495,22,"Class4","X",96.139,4.406,73
44.255,44,"N",55.53,48.515,47.687,66,"Class1","H",53.5,73.439,81
77.789,63,"J",58.04,64.529,67.847,46,"Class3","D",48.019,16.533,42
87.731,54,"J",38.538,75.387,40.86,23,"Class4","Y",96.901,3.171,59
18.748,44,"L",69.555,80.326,10.478,93,"Class2","Q",59.177,88.822,45
19.193,41,"M",72.987,75.526,17.879,86,"Class2","T",52.656,85.576,38
87.754,48,"T",32.55,29.655,41.7,22,"Class4","A",96.162,1.851,63
64.335,63,"Q",60.911,64.085,66.878,22,"Class3","L",47.61,16.54,77
20.981,64,"I",67.883,76.422,14.24,88,"Class2","Q",60.96,90.637,38
87.7,52,"U",26.076,73.679,41.586,21,"Class4","R",96.292,2.448,65
24.608,43,"F",19.604,48.809,59.866,89,"Class1","U",28.061,73.34,66
19.324,41,"Z",72.463,79.014,12.737,89,"Class2","X",61.588,85.194,43
19.249,43,"T",76.146,48.155,48.211,20,"Class1","W",38.449,73.204,81
73.96,61,"C",75.008,68.332,72.736,63,"Class3","N",46.534,16.233,54
71.489,44,"L",46.245,48.895,46.999,12,"Class1","U",33.425,73.638,82
19.576,43,"Z",NA,81.774,7.096,91,"Class2","X",67.612,85.163,32
88.111,49,"O",52.573,39.531,41.208,23,"Class4","X",96.934,2.482,50
18.174,51,"M",73.485,76.028,9.506,87,"Class2","Q",69.147,92.359,32
87.617,47,"O",NA,68.539,41.783,22,"Class4","X",96.72,2.799,70
87.289,52,"A",45.894,36.035,41.308,21,"Class4","Y",96.6,4.114,76
58.356,44,"L",81.58,48.577,61.871,70,"Class1","H",68.772,72.981,63
60.386,45,"T",23.853,48.026,5.513,83,"Class1","R",25.03,73.383,69
87.987,47,"T",27.805,62.65,41.79,21,"Class4","A",96.551,3.852,82
87.186,43,"T",48.237,64.961,41.93,22,"Class4","A",96.053,2.495,56
87.395,43,"J",52.599,68.012,42.052,21,"Class4","Y",96.957,3.512,57
87.148,54,"A",39.411,58.609,41.1,21,"Class4","Y",96.203,3.803,78
87.268,61,"O",24.78,67.895,24.025,24,"Class3","D",51.176,16.232,19
80.313,61,"Q",28.34,65.583,60.956,64,"Class3","N",52.031,17.023,42
82.277,63,"C",24.489,68.318,43.733,50,"Class3","N",54.726,16.216,11
83.78,61,"M",27.355,69.381,61.996,27,"Class3","Y",50.107,16.591,18
78.832,62,"C",51.8,67.11,41.596,86,"Class3","N",57.629,16.158,30
87.706,49,"T",51.033,33.142,41.854,22,"Class4","Y",NA,4.242,80
18.103,37,"M",69.282,77.082,14.124,81,"Class2","J",70.673,85.008,30
74.95,45,"T",37.5,48.346,49.698,60,"Class1","R",68.881,73.672,85
18.823,54,"L",69.533,79.468,9.791,82,"Class2","K",51.85,85.954,31
19.791,61,"M",68.92,75.221,16.221,81,"Class2","K",60.65,107.409,40
87.169,57,"J",27.015,62.644,41.327,22,"Class4","R",96.619,2.815,71
18.731,49,"F",73.44,76.057,11.667,82,"Class2","J",68.681,98.086,40
87.914,56,"T",41.875,58.685,41.149,21,"Class4","A",96.478,4.121,80
88.035,48,"J",37.757,49.366,41.517,22,"Class4","J",96.912,3.481,71
75.287,62,"C",51.903,63.591,60.23,91,"Class3","L",49.721,16.45,35
20.962,45,"F",43.842,48.339,69.662,22,"Class1","U",42.734,73.341,71
51.691,44,"F",50.65,48.963,25.955,76,"Class1","W",29.179,73.557,61
85.561,63,"Q",15.682,63.445,42.02,18,"Class3","D",57.231,16.849,33
61.353,63,"Q",36.091,65.117,45.994,6,"Class3","D",48.596,16.267,39
20.877,60,"M",72.745,76.162,15.541,83,"Class2","J",NA,100.965,40
87.802,54,"T",55.866,63.858,41.641,22,"Class4","Y",96.504,3.497,56
35.514,43,"L",31.644,48.37,56.813,62,"Class1","U",NA,73.15,73
72.882,43,"T",NA,48.75,74.093,72,"Class1","G",24.443,73.408,86
87.772,43,"O",33.264,57.239,41.52,23,"Class4","J",96.127,3.618,74
87.065,43,"A",49.034,32.732,40.977,21,"Class4","A",96.497,3.509,72
75.502,61,"O",75.293,69.106,51.212,93,"Class3","N",59.873,16.809,82
35.531,44,"G",48.826,48.336,61.955,41,"Class1","U",65.872,73.569,62
88.815,61,"O",34.25,69.243,37.785,89,"Class3","Y",47.199,17.129,85
87.351,56,"T",29.729,34.656,41.672,22,"Class4","R",96.044,4.068,87
53.136,45,"G",66.534,48.169,76.173,48,"Class1","H",44.161,73.457,65
35.884,46,"F",42.481,48.562,44.025,15,"Class1","W",41.501,73.464,80
71.633,61,"M",77.024,64.49,60.675,57,"Class3","N",55.934,16.801,29
20.821,36,"M",71.897,80.714,14.504,83,"Class2","K",65.678,82.864,32
87.214,51,"O",50.845,39.792,41.137,21,"Class4","X",96.002,1.985,86
41.228,46,"F",20.655,48.193,107.462,38,"Class1","R",32.551,73.525,89
78.902,61,"O",43.94,69.604,39.657,80,"Class3","D",50.143,16.171,37
72.498,46,"F",NA,48.323,53.089,57,"Class1","H",69.523,73.483,82
61.08,43,"F",68.134,48.749,15.053,78,"Class1","R",NA,73.969,71
55.398,46,"F",24.765,48.055,33.129,78,"Class1","H",34.095,73.627,74
18.722,52,"M",69.443,82.749,15.757,91,"Class2","X",NA,91.6,36
87.622,52,"T",24.623,26.696,41.309,22,"Class4","Y",96.353,3.655,74
19.799,56,"Z",67.349,81.295,16.162,93,"Class2","T",71.745,95.361,41
19.053,43,"L",71.591,78.704,11.796,92,"Class2","J",69.028,100.644,37
85.2,63,"M",66.669,64.951,56.555,75,"Class3","D",55.385,16.253,31
20.809,49,"Z",72.936,77.044,17.322,91,"Class2","Q",60.799,88.406,42
88.203,61,"O",40.104,64.34,36.297,95,"Class3","T",47.407,16.422,50
78.448,62,"C",59.086,64.313,88.483,41,"Class3","Y",51.553,16.919,80
20.029,63,"M",72.381,78.66,14.904,85,"Class2","Q",71.046,83.047,32
87.188,39,"U",26.301,28.09,41.299,22,"Class4","R",96.952,2.143,48
98.509,62,"M",NA,66.923,14.201,67,"Class3","L",47.22,16.615,17
35.942,44,"L",29.281,48.201,-1.014,41,"Class1","R",33.026,73.476,76
18.861,45,"I",NA,81.078,11.726,80,"Class2","T",61.326,95.713,34
80.684,61,"J",28.808,65.91,48.205,93,"Class3","N",NA,16.006,25
87.774,51,"O",39.789,65.951,41.911,22,"Class4","X",96.887,2.997,70
91.55,62,"M",49.866,67.603,66.249,7,"Class3","N",55.977,16.101,43
92.691,61,"O",34.789,65.053,87.853,45,"Class3","T",49.939,16.23,49
88.058,47,"A",38.721,73.918,41.719,23,"Class4","Y",96.163,4.31,80
51.335,45,"G",62.755,48.893,-9.672,76,"Class1","G",27.601,73.177,89
21.193,35,"F",69.48,76.867,12.244,85,"Class2","J",68.233,86.204,35
70.34,62,"Q",56.185,63.073,85.662,63,"Class3","Y",52.314,15.999,81
45.34,44,"N",59.977,48.267,36.52,25,"Class1","G",46.835,72.977,80
38.831,44,"N",42.813,48.116,91.26,77,"Class1","U",62.307,73.664,72
75.852,63,"C",49.082,68.372,61.685,28,"Class3","N",59.668,16.557,74
47.904,43,"T",56.639,48.195,27.061,28,"Class1","R",64.616,73.755,77
18.532,48,"L",66.991,75.287,8.324,93,"Class2","T",52.88,79.477,41
17.941,44,"M",72.139,80.815,13.588,92,"Class2","X",61.615,75.947,43
18.766,64,"M",69.214,82.226,16.736,92,"Class2","T",59.659,89.797,34
52.743,46,"G",17.251,48.63,45.826,77,"Class1","G",34.961,73.779,81
87.758,45,"A",29.729,71.569,41.328,21,"Class4","A",NA,5.59,49
83.172,62,"M",34.41,66.07,67.259,60,"Class3","N",48.643,16.683,28
18.531,56,"Z",71.601,76.462,15.612,86,"Class2","Q",69.964,93.251,37
87.207,46,"T",42.201,60.281,41.449,21,"Class4","Y",96.819,4.168,78
20.3,36,"Z",63.954,82.1,13.991,88,"Class2","J",53.274,94.282,30
87.551,55,"J",48.684,34.847,41.113,22,"Class4","X",96.686,3.543,56
24.842,46,"L",53.403,48.841,54.051,66,"Class1","H",30.511,73.506,77
83.789,61,"J",54.084,67.093,68.534,37,"Class3","N",55.369,16.43,81
88.529,63,"O",NA,65.945,65.732,12,"Class3","N",52.346,16.642,57
87.921,38,"O",25.88,42.757,41.753,21,"Class4","Y",96.571,2.144,73
92.379,62,"O",62.03,67.945,63.505,85,"Class3","T",50.967,16.494,74
21.459,48,"F",NA,82.463,15.329,88,"Class2","J",72.156,86.276,40
87.75,55,"A",NA,64.604,41.693,22,"Class4","J",96.051,3.852,86
87.418,57,"U",54.111,53.188,41.216,22,"Class4","J",NA,2.456,59
78.12,61,"M",77.979,69.409,72.688,16,"Class3","Y",54.315,16.413,77
76.314,62,"Q",51.313,67.285,64.795,75,"Class3","T",54.952,16.519,12
18.478,54,"L",72.224,75.597,16.755,83,"Class2","K",53.972,93.311,35
88.074,50,"T",33.341,62.994,41.28,23,"Class4","R",96.629,2.961,70
43.215,44,"N",38.58,48.605,85.462,72,"Class1","R",35.91,73.637,83
22.604,44,"L",53.154,48.969,42.709,51,"Class1","U",29.721,73.762,72
18.635,62,"L",71.095,80.371,10.746,82,"Class2","T",72.198,85.81,36
86.303,63,"J",77.609,63.619,49.835,40,"Class3","Y",49.622,16.325,54
81.384,63,"Q",35.523,66.372,51.856,77,"Class3","L",57.672,15.969,77
54.279,45,"T",70.503,48.822,24.892,27,"Class1","U",67.294,73.369,77
18.712,58,"F",69.518,81.48,10.751,82,"Class2","X",55.11,84.551,36
49.829,44,"L",32.633,48.911,24.352,69,"Class1","W",61.828,73.505,64
61.717,45,"F",53.767,48.393,51.198,86,"Class1","W",29.357,73.553,86
48.566,44,"T",69.863,48.149,15.539,36,"Class1","R",44.453,73.557,70
19.414,39,"Z",66.294,79.434,12.555,94,"Class2","T",60.388,83.507,35
21.896,63,"F",64.86,77.603,15.455,88,"Class2","J",57.732,78.951,32
45.715,45,"L",47.014,48.118,49.305,30,"Class1","W",41.853,73.674,65
86.849,55,"U",49.441,68.728,41.669,23,"Class4","Y",96.361,3.845,80
87.171,53,"U",51.617,38.207,41.16,21,"Class4","Y",96.62,2.034,79
74.261,62,"C",23.44,68.376,77.013,31,"Class3","Y",47.384,16.517,87
20.702,42,"F",69.544,80.007,12.848,96,"Class2","X",59.988,95.187,32
93.383,63,"J",57.972,63.296,59.965,49,"Class3","L",58.347,15.78,23
86.698,63,"M",48.985,63.981,68.043,61,"Class3","Y",53.106,16.244,84
87.819,41,"U",44.139,64.385,41.964,23,"Class4","R",96.062,3.512,89
75.522,63,"C",42.216,63.05,31.145,65,"Class3","Y",54.671,16.103,10
18.045,56,"F",72.114,82.163,12.824,94,"Class2","Q",55.862,85.173,39
35.989,44,"G",48.376,48.843,30.939,62,"Class1","R",60.726,73.76,60
87.288,42,"T",55.315,50.102,40.785,22,"Class4","R",96.468,3.363,81
40.194,45,"F",78.804,48.99,76.506,22,"Class1","G",65.577,72.868,85
33.128,44,"L",27.527,48.247,41.928,44,"Class1","H",38.004,73.271,67
32.989,44,"G",39.017,48.027,51.478,78,"Class1","W",32.007,73.036,84
81.596,62,"C",32.953,66.848,36.753,46,"Class3","D",NA,16.755,43
52.137,45,"L",40.159,48.813,38.846,74,"Class1","R",68.249,73.471,68
86.762,46,"O",27.731,41.004,41.605,21,"Class4","J",96.969,4.728,71
19.726,43,"I",67.081,78.905,16.383,83,"Class2","T",54.746,92.155,40
49.515,45,"L",44.047,48.684,26.555,47,"Class1","G",28.188,73.965,73
87.597,39,"O",50.828,44.712,41.364,23,"Class4","J",96.67,4.091,85
20.047,59,"I",67.459,79.248,10.361,91,"Class2","X",72.24,90.439,43
18.925,52,"L",73.161,80.801,14.579,90,"Class2","X",53.476,95.907,41
18.665,36,"L",67.513,82.874,9.36,95,"Class2","Q",67.147,84.939,39
73.659,61,"O",30.883,64.985,54.685,80,"Class3","N",47.877,16.94,90
19.644,53,"M",66.649,75.79,13.345,93,"Class2","Q",64.829,72.554,38
91.203,63,"O",50.824,67.046,48.256,69,"Class3","T",53.652,16.637,21
65.9,62,"Q",34.628,63.983,67.575,57,"Class3","L",52.19,16.291,9
19.538,60,"M",63.502,76.404,14.19,89,"Class2","K",NA,91.555,36
87.952,54,"A",56.695,75.554,42.322,23,"Class4","J",96.962,1.827,63
19.496,50,"L",65.616,79.838,14.103,90,"Class2","T",53.586,82.993,45
78.62,63,"J",70.958,64.844,61.706,29,"Class3","T",58.223,16.094,63
87.554,52,"A",34.419,70.523,41.458,22,"Class4","J",96.829,4.865,70
19.249,35,"M",71.126,81.583,18.603,86,"Class2","T",64.544,86.885,39
87.664,47,"O",34.853,35.463,42.202,23,"Class4","R",96.601,4.086,72
77.577,63,"M",51.708,65.061,55.454,48,"Class3","T",52.784,16.822,17
19.235,47,"M",63.767,75.723,11.634,82,"Class2","J",68.135,84.684,44
39.274,44,"L",35.426,48.653,64.945,60,"Class1","U",27.994,73.05,72
87.774,45,"J",41.192,70.767,41.542,23,"Class4","J",96.907,3.196,55
87.394,49,"T",25.483,53.356,41.958,21,"Class4","X",96.477,4.135,87
87.192,37,"A",33.726,33.123,41.863,22,"Class4","Y",96.947,4.754,64
85.056,62,"C",48.433,68.101,49.489,72,"Class3","L",54.242,16.17,72
58.934,62,"O",58.143,67.235,25.814,47,"Class3","Y",55.939,16.487,56
87.919,55,"O",50.003,29.792,41.678,21,"Class4","A",96.333,4.035,61
83.293,62,"C",17.574,67.813,44.41,39,"Class3","L",46.105,16.204,11
77.456,61,"J",23.197,67.575,101.612,80,"Class3","L",48.08,17.21,21
80.312,62,"O",48.131,69.882,51.554,6,"Class3","L",52.339,16.927,55
99.699,61,"Q",36.722,69.503,29.8,89,"Class3","Y",47.063,17.168,78
10.647,43,"G",84.422,48.494,43.288,50,"Class1","U",39.966,73.886,88
94.332,61,"O",44.632,63.388,50.284,20,"Class3","T",46.937,16.103,22
87.208,38,"A",41.039,57.555,41.871,22,"Class4","A",96.334,4.446,66
81.072,61,"M",40.793,69.318,57.395,49,"Class3","Y",48.218,16.337,62
66.203,46,"T",16.702,48.876,25.375,33,"Class1","G",60.401,73.183,87
19.795,42,"M",63.604,80.946,15.717,84,"Class2","K",61.328,86.08,39
87.924,38,"U",52.815,29.696,41.654,23,"Class4","X",96.056,3.371,80
87.905,54,"A",52.297,45.683,41.389,21,"Class4","Y",96.213,1.672,50
41.576,46,"T",31.461,48.463,28.652,14,"Class1","U",61.983,74.186,72
19.409,50,"I",66.653,82.495,9.953,94,"Class2","X",62.38,81.627,44
58.996,43,"N",15.713,48.048,32.287,33,"Class1","U",58.192,73.677,69
87.399,41,"J",55.843,62.095,41.494,23,"Class4","A",96.236,3.177,59
21.897,50,"I",71.656,82.875,10.596,83,"Class2","J",56.684,84.451,40
19.251,44,"L",45.074,48.468,54.732,77,"Class1","W",43.337,73.499,66
87.786,36,"J",55.452,63.001,41.9,23,"Class4","Y",96.645,2.268,80
69.492,44,"F",64.272,48.268,81.548,42,"Class1","W",65.04,73.681,84
87.89,55,"J",55.659,57.906,41.566,23,"Class4","Y",96.139,2.702,48
19.927,43,"I",70.494,76.579,9.836,81,"Class2","X",60.206,93.451,43
55.519,46,"L",83.302,48.482,57.561,14,"Class1","H",43.577,73.557,62
23.784,44,"L",69.479,48.997,39.077,20,"Class1","H",42.179,73.643,72
68.178,44,"F",NA,48.036,53.984,70,"Class1","W",63.381,73.4,77
33.67,44,"T",NA,48.206,32.925,60,"Class1","U",33.757,73.333,75
87.349,39,"T",48.05,27.078,40.994,23,"Class4","Y",96.669,4.447,89
88.012,62,"C",76.449,69.027,48.791,64,"Class3","T",55.292,16.142,28
61.783,62,"M",NA,64.866,64.17,42,"Class3","D",52.738,16.751,45
81.037,62,"O",52.715,69.889,48.844,77,"Class3","N",50.569,16.337,20
81.824,62,"Q",76.111,66.783,88.556,11,"Class3","D",NA,16.584,12
87.14,40,"U",34.191,30.131,41.072,21,"Class4","A",96.024,5.442,82
82.262,61,"O",50.149,68.829,90.79,86,"Class3","L",49.298,16.39,11
76.773,61,"J",48.43,69.716,62.539,68,"Class3","L",51.152,16.375,55
53.274,46,"N",70.533,48.202,29.529,46,"Class1","G",NA,72.906,64
45.625,45,"L",43.459,48.855,23.413,51,"Class1","U",27.379,73.404,68
20.187,62,"M",65.49,78.096,9.932,91,"Class2","K",65.381,87.499,45
36.612,43,"G",48.135,48.444,58.748,34,"Class1","U",48.745,73.416,75
87.742,40,"O",49.205,25.199,41.004,21,"Class4","R",96.128,3.811,71
100.513,62,"O",62.725,67.733,77.295,24,"Class3","T",58.044,16.699,21
91.652,63,"J",55.275,68.55,31.628,55,"Class3","D",56.295,16.001,86
20.024,62,"L",69.158,79.175,12.755,93,"Class2","X",55.382,81.623,43
31.808,44,"L",74.985,48.233,40.281,45,"Class1","G",28.525,73.879,78
89.774,62,"C",33.64,67.507,67.654,36,"Class3","L",59.221,15.8,87
86.893,50,"U",29.5,30.641,41.088,22,"Class4","R",96.398,4.226,77
87.348,52,"O",37.927,33.793,41.616,21,"Class4","J",96.131,3.754,62
65.03,44,"L",82.957,48.172,37.087,24,"Class1","R",25.732,73.514,74
87.611,55,"T",31.83,31.091,41.76,21,"Class4","Y",96.109,1.618,48
87.472,46,"A",NA,58.631,41.971,22,"Class4","A",96.41,3.811,76
21.039,36,"L",68.083,82.721,10.318,91,"Class2","X",69.423,92.296,37
38.501,45,"F",42.588,48.306,49.266,20,"Class1","U",59.553,73.777,65
28.625,43,"T",32.88,48.093,36.797,53,"Class1","H",27.535,73.557,61
87.408,37,"J",54.473,65.69,41.219,22,"Class4","X",96.187,4.715,52
92.642,63,"J",31.877,66.438,46.812,52,"Class3","T",NA,16.493,90
53.18,43,"G",27.372,48.364,76.172,45,"Class1","W",40.055,73.294,85
20.124,44,"L",67.351,78.847,8.247,95,"Class2","J",58.701,79.544,41
87.059,48,"A",53.276,39.917,40.818,22,"Class4","A",96.669,4.452,48
23.539,44,"N",39.632,48.577,-11.748,46,"Class1","W",59.922,73.924,63
83.262,62,"J",61.323,65.235,84.189,95,"Class3","T",52.303,16.829,9
18.403,42,"L",73.365,80.905,12.588,87,"Class2","X",69.889,88.864,37
87.045,43,"J",53.361,33.632,42.029,23,"Class4","R",96.24,5.352,49
89.985,62,"J",NA,63.362,18.784,56,"Class3","T",59.695,16.082,55
21.27,44,"F",63.873,48.137,52.307,68,"Class1","U",66.644,72.602,79
44.378,44,"G",63.412,48.424,61.317,37,"Class1","U",65.808,73.61,74
20.229,40,"L",64.449,82.187,12.828,96,"Class2","Q",67.361,87.788,40
87.287,40,"J",56.1,74.965,41.5,21,"Class4","R",NA,3.013,66
83.651,61,"J",52.961,67.67,37.312,74,"Class3","L",58.891,16.305,19
19.253,40,"L",65.908,77.345,12.708,90,"Class2","K",67.28,76.714,43
19.589,40,"Z",68.729,81.281,14.947,93,"Class2","X",57.06,91.764,44
87.25,42,"J",50.903,41.2,41.353,23,"Class4","X",96.857,3.402,89
87.295,53,"J",52.12,38.708,41.529,22,"Class4","R",96.147,3.675,52
90.267,62,"M",36.107,65.346,78.642,37,"Class3","Y",47.158,16.448,84
42.27,43,"L",59.159,48.662,57.317,82,"Class1","G",69.553,73.354,83
87.083,39,"J",46.443,71.784,41.397,23,"Class4","J",96.755,2.419,74
20.762,43,"M",63.471,79.369,14.489,90,"Class2","X",59.626,79.865,41
74.559,62,"J",62.531,67.278,42.265,51,"Class3","T",50.009,16.375,82
87.304,39,"O",29.666,30.933,41.702,22,"Class4","Y",96.834,5.653,50
90.208,61,"J",77.668,63.976,96.477,16,"Class3","T",NA,16.827,44
20.454,62,"Z",70.926,77.953,15.161,91,"Class2","X",56.633,104.972,38
30.415,46,"T",37.052,48.689,75.309,65,"Class1","R",51.707,73.399,67
87.894,43,"O",51.901,75.174,41.293,23,"Class4","J",96.255,4.698,77
86.123,63,"J",59.612,65.29,52.576,20,"Class3","D",NA,16.792,75
20.282,60,"L",67.665,80.737,11.359,93,"Class2","J",71.815,91.58,32
19.749,65,"I",68.115,79.511,9.497,88,"Class2","Q",NA,84.655,40
32.112,44,"N",23.52,48.691,59.788,59,"Class1","W",64.22,72.988,74
87.44,54,"A",46.002,59.781,41.879,21,"Class4","Y",NA,4.836,73
57.404,46,"G",76.679,48.115,56.104,45,"Class1","U",52.341,73.962,84
87.563,53,"O",23.101,53.193,41.914,21,"Class4","A",96.621,3.541,67
18.773,56,"M",67.519,77.914,12.65,90,"Class2","J",66.974,94.833,37
71.695,62,"J",45.017,68.203,58.573,94,"Class3","N",58.463,16.168,57
87.211,50,"O",23.645,72.807,41.048,21,"Class4","X",96.877,4.051,84
63.935,62,"Q",37.816,63.894,75.191,84,"Class3","L",49.936,16.761,30
52.14,44,"G",47.721,48.603,60.717,28,"Class1","G",30.297,74.343,81
69.04,44,"F",54.463,48.079,27.833,77,"Class1","U",NA,73.206,64
90.793,61,"J",54.373,63.488,33.455,9,"Class3","Y",52.825,16.198,33
19.393,63,"Z",72.621,82.143,20.24,83,"Class2","K",72.186,97.557,38
18.954,39,"I",66.594,81.828,11.036,95,"Class2","X",57.838,83.656,32
59.112,46,"F",63.471,48.307,19.04,80,"Class1","H",NA,73.664,78
87.508,57,"O",53.482,59.895,41.78,23,"Class4","Y",96.087,4.431,67
19.912,50,"L",66.71,75.459,9.666,94,"Class2","X",NA,83.499,37
63.091,45,"N",83.464,48.392,53.557,75,"Class1","R",64.64,73.536,67
36.214,43,"F",75.61,48.446,37.32,34,"Class1","H",35.918,73.908,79
20.961,41,"M",63.042,76.618,14.178,94,"Class2","K",70.799,80.979,32
87.924,37,"T",49.707,25.005,41.671,21,"Class4","R",96.865,4.089,77
87.409,46,"A",33.908,69.528,41.433,22,"Class4","X",96.473,4.302,71
47.397,44,"N",74.715,48.825,41.564,83,"Class1","G",40.413,73.397,82
80.629,63,"Q",34.937,68.401,100.729,76,"Class3","L",54.504,16.928,79
87.07,57,"A",51.978,59.285,41.105,23,"Class4","X",96.152,2.706,51
21.176,51,"Z",71.882,82.796,15.09,85,"Class2","K",NA,101.574,33
17.148,52,"Z",68.866,82.67,13.33,82,"Class2","K",51.491,86.253,38
72.183,43,"F",79.478,48.99,14.453,61,"Class1","R",66.099,73.088,87
37.605,45,"F",27.769,48.535,39.401,40,"Class1","H",43.409,73.861,63
19.619,56,"Z",63.524,80.122,11.236,91,"Class2","T",53.593,74.897,42
97.373,63,"M",16.4,69.754,38.283,59,"Class3","Y",55.385,16.712,16
87.542,36,"A",24.431,39.177,41.392,23,"Class4","A",96.157,3.832,83
87.391,41,"U",31.687,52.9,41.472,23,"Class4","R",96.884,3.617,71
87.621,47,"A",47.427,60.6,41.495,22,"Class4","R",NA,2.877,73
50.069,43,"N",28.261,48.415,64.402,87,"Class1","W",55.046,73.54,69
82.61,61,"Q",70.058,66.23,72.697,38,"Class3","T",48.655,16.245,70
36.913,44,"N",74.047,48.577,52.935,78,"Class1","R",65.585,73.276,70
61.938,45,"F",72.706,48.072,44.753,25,"Class1","H",63.6,73.688,79
68.426,44,"N",83.405,48.471,58.692,61,"Class1","G",39.724,73.734,71
86.898,62,"Q",57.989,68.434,61.383,7,"Class3","N",47.447,17.095,38
74.342,61,"J",34.804,64.436,48.552,91,"Class3","L",56.985,16.353,48
87.238,57,"T",41.077,71.558,41.8,22,"Class4","R",96.787,2.659,65
86.815,44,"U",44.806,50.526,40.933,23,"Class4","A",96.246,2.246,81
80.847,63,"O",77.926,67.023,63.519,90,"Class3","L",57.478,16.652,90
92.75,61,"M",60.236,65.885,66.508,30,"Class3","T",53.45,16.485,76
87.376,57,"U",47.155,54.484,41.366,22,"Class4","R",NA,1.933,51
20.181,52,"Z",63.319,79.442,11.321,85,"Class2","X",54.674,87.542,45
83.411,61,"C",77.213,69.438,60.749,76,"Class3","L",59.877,16.785,89
78.271,62,"C",25.602,69.537,57.483,38,"Class3","N",53.717,16.828,76
17.788,39,"L",65.016,81.962,17.022,86,"Class2","X",71.09,94.444,40
87.62,53,"J",42.504,52.402,41.896,22,"Class4","X",96.783,1.797,79
18.089,51,"Z",69.04,81.903,12.784,84,"Class2","X",69.522,78.152,38
92.752,62,"Q",43.706,64.919,4.739,48,"Class3","D",53.982,16.562,50
86.58,47,"U",51.976,35.165,42.312,21,"Class4","A",96.023,3.218,88
87.581,47,"J",50.405,53.572,41.81,21,"Class4","Y",96.485,4.134,85
19.12,60,"M",69.457,76.727,10.834,84,"Class2","T",66.786,93.116,32
19.701,42,"I",71.661,82.358,16.012,94,"Class2","Q",64.688,105.949,41
87.522,51,"T",31.627,30.769,41.471,22,"Class4","A",96.704,2.951,74
45.91,45,"L",28.315,48.398,34.88,78,"Class1","U",59.582,73.902,75
70.089,61,"C",71.047,65.542,26.162,11,"Class3","D",48.686,16.029,80
50.426,43,"G",60.298,48.988,26.733,81,"Class1","G",27.771,73.279,87
18.534,37,"Z",73.74,80.691,16.141,86,"Class2","J",62.343,95.218,35
83.296,62,"Q",42.45,66.805,56.96,77,"Class3","Y",56.769,15.974,34
19.574,43,"L",73.904,80.571,9.31,92,"Class2","X",50.084,87.504,36
87.577,40,"A",50.129,51.172,41.48,22,"Class4","X",96.485,3.799,52
18.925,43,"L",65.426,76.459,8.87,88,"Class2","Q",72.695,84.983,38
19.211,40,"M",73.49,79.622,9.141,85,"Class2","T",59.504,79.54,41
69.78,43,"F",46.785,48.573,57.385,72,"Class1","W",49.108,73.764,85
55.671,46,"F",22.593,48.795,68.219,60,"Class1","U",29.004,73.874,79
87.634,49,"T",49.038,49.498,41.044,21,"Class4","R",96.385,3.936,86
19.016,53,"I",65.036,75.978,8.901,84,"Class2","K",69.361,89.974,32
20.143,64,"I",NA,80.077,11.645,81,"Class2","J",64.968,82.181,34
18.331,65,"F",73.326,79.519,18.787,86,"Class2","T",51.704,82.349,42
87.357,43,"J",32.652,44.513,41.45,21,"Class4","J",96.587,3.781,83
95.466,63,"O",56.802,64.921,52.343,12,"Class3","L",NA,16.526,53
87.855,63,"Q",57.58,63.395,42.091,55,"Class3","N",46.986,16.646,53
87.567,57,"J",56.576,48.948,42.47,21,"Class4","A",96.524,3.159,62
18.371,46,"G",66.659,48.58,31.287,22,"Class1","W",54.856,73.398,64
38.301,46,"G",65.988,48.608,36.728,32,"Class1","H",45.121,73.807,61
39.377,43,"N",31.087,48.8,19.525,56,"Class1","H",67.036,73.361,73
65.869,46,"F",25.343,48.178,67.57,40,"Class1","R",53.01,73.17,71
87.634,63,"O",44.492,64.593,55.43,36,"Class3","Y",55.051,16.235,50
85.005,62,"M",30.14,66.386,61.607,49,"Class3","N",47.171,15.911,49
66.731,45,"T",75.717,48.296,60.875,64,"Class1","W",40.348,73.58,63
91.269,63,"O",NA,64.774,59.79,72,"Class3","D",48.015,16.187,58
47.319,46,"T",78.265,48.629,95.862,69,"Class1","W",61.712,73.008,82
87.268,40,"O",43.921,25.004,41.275,23,"Class4","A",96.286,4.068,87
87.081,37,"T",24.175,39.621,41.153,21,"Class4","A",96.383,1.403,78
87.592,55,"A",45.668,43.955,42.071,22,"Class4","Y",96.177,1.748,55
19.462,50,"M",70.305,80.668,11.595,90,"Class2","T",63.688,91.271,40
87.346,52,"U",32.066,34.614,41.783,21,"Class4","J",96.892,3.227,79
18.724,55,"I",66.224,79.556,15.869,83,"Class2","Q",71.697,97.033,44
53.962,45,"T",38.543,48.738,46.874,32,"Class1","H",57.382,73.753,63
60.664,44,"F",80.503,48.214,84.218,31,"Class1","G",49.55,73.124,66
74.857,61,"Q",46.258,69.875,71.798,57,"Class3","D",50.529,16.786,46
87.475,45,"U",50.816,41.643,41.763,21,"Class4","X",NA,2.706,51
85.112,63,"O",60.013,68.96,59.524,45,"Class3","N",50.793,16.164,13
39.863,45,"T",24.385,48.932,51.8,59,"Class1","U",46.287,73.755,80
30.175,46,"N",39.143,48.37,62.907,43,"Class1","G",28.637,73.49,80
18.91,56,"Z",71.512,80.987,13.856,80,"Class2","T",62.399,72.531,35
46.17,45,"T",42.072,48.947,44.146,46,"Class1","W",54.192,73.406,73
87.279,38,"T",25.795,67.362,41.336,23,"Class4","R",96.051,3.868,77
65.877,46,"L",82.363,48.582,28.723,33,"Class1","U",69.604,73.936,85
87.54,41,"O",31.749,38.039,40.964,23,"Class4","Y",96.13,5.134,55
68.458,63,"M",67.05,67.679,16.9,75,"Class3","Y",52.45,16.477,37
88.091,63,"O",65.045,63.176,37.763,94,"Class3","Y",49.576,16.281,56
85.349,62,"C",61.318,68.372,70.043,41,"Class3","L",54.896,16.785,42
20.107,48,"Z",64.855,75.512,16.335,81,"Class2","X",54.825,79.069,42
20.062,41,"L",NA,75.19,14.512,85,"Class2","T",50.721,104.873,33
20.204,65,"I",64.997,79.697,16.339,86,"Class2","K",65.513,84.089,32
87.152,41,"O",23.55,51.117,42.026,21,"Class4","J",96.607,4.151,63
76.166,62,"Q",NA,66.065,47.4,71,"Class3","T",56.2,15.98,38
87.605,40,"A",38.816,71.321,41.216,21,"Class4","Y",96.685,4.659,54
19.143,37,"M",67.595,80.174,14.37,86,"Class2","K",68.991,91.596,41
42.657,44,"N",21.088,48.551,52.021,43,"Class1","W",38.836,74.139,64
42.451,45,"G",NA,48.435,-18.564,78,"Class1","U",59.33,72.95,69
22.768,44,"F",38.632,48.915,23.771,20,"Class1","G",53.222,73.81,81
0.372,45,"T",82.999,48.246,76.977,21,"Class1","G",53.896,73.657,81
21.194,35,"M",64.428,81.238,15.633,93,"Class2","J",63.129,72.286,44
18.799,46,"L",69.336,78.112,7.558,87,"Class2","T",64.696,82.863,40
91.209,61,"C",NA,69.652,49.82,40,"Class3","N",53.148,16.359,83
19.74,55,"Z",65.6,79.852,14.257,89,"Class2","T",56.71,84.362,32
72.27,63,"M",41.541,69.196,31.175,23,"Class3","Y",52.951,15.747,30
17.443,64,"F",66.237,75.192,12.155,81,"Class2","Q",50.189,93.326,43
87.404,44,"U",56.127,63.71,41.559,21,"Class4","A",96.653,1.711,73
49.627,46,"T",84.946,48.849,88.147,85,"Class1","G",36.632,73.52,84
87.346,56,"T",28.207,40.608,41.449,23,"Class4","J",96.887,3.012,52
87.585,37,"J",48.026,29.542,41.148,23,"Class4","R",96.339,1.471,51
19.762,46,"I",65.7,76.358,9.316,88,"Class2","T",51.238,71.213,37
86.469,61,"J",39.764,66.397,83.343,67,"Class3","D",50.996,16.841,76
62.691,46,"N",44.906,48.899,45.672,39,"Class1","U",36.373,73.985,72
87.86,45,"A",33.775,38.336,41.406,22,"Class4","X",96.734,1.766,60
55.622,62,"J",60.546,64.076,68.087,21,"Class3","Y",49.904,16.766,17
53.234,46,"F",13.975,48.618,75.687,42,"Class1","U",38.689,73.475,77
72.654,63,"C",75.675,68.925,54.819,65,"Class3","T",52.882,16.565,82
52.933,44,"G",NA,48.363,77.19,36,"Class1","W",28.806,73.443,73
87.822,52,"O",32.784,64.477,41.176,21,"Class4","A",96.713,3.855,80
21.018,43,"I",73.785,78.616,8.765,88,"Class2","J",66.439,82.181,43
42.955,44,"F",29.475,48.006,39.632,75,"Class1","R",40.568,73.43,60
88.134,63,"O",73.497,63.948,58.889,75,"Class3","D",47.132,16.457,24
66.38,44,"L",45.263,48.494,15.138,14,"Class1","W",54.803,73.786,68
84.96,63,"M",21.952,68.547,69.921,78,"Class3","T",NA,16.066,24
72.675,61,"M",68.809,66.015,59.898,69,"Class3","D",52.143,16.367,51
87.85,62,"Q",NA,68.657,64.643,75,"Class3","L",NA,16.574,89
39.628,45,"T",44.037,48.373,28.648,62,"Class1","W",26.334,73.411,67
18.261,44,"I",70.184,81.17,12.153,87,"Class2","T",62.522,92.606,35
52.811,44,"N",23.715,48.743,42.196,35,"Class1","G",NA,73.489,77
89.25,62,"J",14.485,63.982,61.127,90,"Class3","T",59.679,15.964,27
28.564,44,"G",79.352,48.134,64.351,69,"Class1","H",27.578,73.333,69
86.678,43,"O",46.882,45.059,41.765,22,"Class4","R",96.607,3.822,84
39.188,44,"F",79.832,48.81,32.582,89,"Class1","W",26.383,73.664,87
73.393,61,"M",75.41,67.752,48.323,72,"Class3","Y",58.724,16.858,22
19.26,44,"L",66.962,76.682,11.146,87,"Class2","K",64.994,86.501,39
19.818,51,"L",65.701,80.853,13.053,90,"Class2","X",69.77,92.13,34
42.966,43,"N",62.666,48.535,48.285,48,"Class1","G",31.614,73.694,75
50.958,43,"T",73.127,48.042,18.99,70,"Class1","G",60.437,73.25,69
20.043,36,"F",63.017,78.826,10.603,87,"Class2","J",62.606,78.939,40
19.072,50,"M",70.712,75.033,16.607,86,"Class2","T",55.548,88.471,33
61.811,45,"T",36.958,48.736,6.312,50,"Class1","R",37.045,73.413,68
44.545,44,"G",NA,48.491,47.372,52,"Class1","U",50.949,73.478,66
87.551,41,"U",34.819,30.645,41.876,22,"Class4","A",96.707,3.385,59
87.197,52,"J",53.195,73.696,41.829,22,"Class4","Y",96.768,3.841,58
20.418,41,"M",64.835,78.525,15.431,94,"Class2","J",65.584,88.609,42
18.231,45,"L",66.275,79.457,18.791,89,"Class2","T",68.857,87.302,45
18.972,53,"M",63.527,81.325,9.613,81,"Class2","K",70.337,77.03,31
51.428,46,"L",36.396,48.514,1.908,76,"Class1","R",24.93,73.638,65
87.61,44,"U",NA,48.574,41.811,21,"Class4","R",96.362,3.439,88
87.759,43,"A",28.815,51.725,41.371,22,"Class4","R",96.295,3.779,78
19.395,39,"Z",73.51,77.758,15.977,93,"Class2","T",72.251,85.066,45
40.443,46,"T",18.938,48.42,22.135,52,"Class1","R",32.645,72.915,63
21.75,46,"N",27.356,48.315,50.451,80,"Class1","G",44.258,73.365,67
52.796,44,"T",68.484,48.402,54.101,12,"Class1","W",42.08,73.858,72
72.158,46,"N",46.482,48.161,16.747,23,"Class1","H",40.348,73.366,69
46.376,46,"T",48.682,48.957,41.278,59,"Class1","R",54.421,73.7,64
18.764,42,"F",71.739,82.114,10.503,95,"Class2","Q",64,95.503,36
87.826,39,"U",31.238,54.498,41.709,22,"Class4","J",96.798,3.84,72
82.248,63,"C",28.141,67.541,16.576,76,"Class3","T",59.38,16.296,81
18.193,65,"F",66.787,79.355,10.733,95,"Class2","T",65.348,77.748,40
38.264,45,"T",70.161,48.587,45.311,60,"Class1","H",54.325,73.498,66
19.354,59,"Z",70.343,82.159,13.3,87,"Class2","J",58.659,78.908,42
19.998,50,"L",68.395,77.983,16.328,83,"Class2","K",55.101,95.085,42
18.937,47,"L",70.76,78.178,14.667,87,"Class2","K",57.34,108.196,35
20.55,54,"M",NA,82.595,10.967,87,"Class2","T",NA,91.688,40
83.099,62,"J",21.038,66.34,33.809,28,"Class3","Y",53.409,16.085,40
17.781,60,"L",69.447,77.124,13.311,81,"Class2","K",NA,94.734,44
84.168,61,"C",NA,69.85,48.841,74,"Class3","N",47.152,16.242,44
24.917,44,"L",50.236,48.805,75.806,68,"Class1","U",29.448,73.437,61
87.782,48,"A",53.186,29.195,41.209,23,"Class4","J",NA,5.624,65
87.004,45,"O",44.248,28.402,41.062,22,"Class4","X",96.198,3.469,81
18.811,65,"Z",68.158,79.685,12.277,85,"Class2","T",58.493,90.761,35
84.304,62,"O",69.964,66.757,55.794,7,"Class3","L",48.29,16.881,78
20.51,61,"Z",63.62,78.842,12.573,90,"Class2","Q",72.584,74.587,30
87.604,42,"J",40.478,39.264,41.407,22,"Class4","Y",96.417,3.512,88
77.611,62,"M",49.511,69.316,36.658,92,"Class3","L",51.982,16.319,51
18.743,65,"F",63.373,75.908,7.444,92,"Class2","K",58.991,83.456,35
86.861,38,"J",52.175,41.6,41.24,23,"Class4","J",96.047,4.46,86
86.885,45,"T",56.779,43.878,42.362,23,"Class4","A",96.776,3.278,48
64.096,61,"O",75.614,66.293,35.131,88,"Class3","D",59.249,16.7,57
19.464,45,"M",72.367,81.293,14.885,85,"Class2","T",53.622,87.18,31
80.386,62,"C",15.388,66.495,20.349,53,"Class3","N",48.388,15.837,28
86.724,50,"J",23.261,63.572,41.525,23,"Class4","Y",96.132,1.847,62
35.648,43,"G",75.456,48.046,82.335,56,"Class1","R",64.277,73.057,87
19.42,63,"Z",67.598,76.589,13.193,83,"Class2","T",50.63,105.464,43
21.775,46,"I",70.735,78.074,15.44,86,"Class2","K",68.38,95.219,34
87.564,56,"T",NA,62.28,40.98,22,"Class4","J",96.226,4.085,53
91.3,63,"C",61.936,69.189,67.425,33,"Class3","L",55.598,16.489,85
19.23,49,"I",71.326,82.712,16.117,87,"Class2","Q",71.137,105.925,35
21.733,54,"L",66.58,81.734,11.87,87,"Class2","X",54.172,97.349,32
39.728,43,"L",28.296,48.791,56.885,10,"Class1","G",45.399,73.6,84
87.409,53,"O",33.143,48.322,42.196,23,"Class4","R",96.443,3.773,85
18.911,60,"Z",63.681,79.347,7.314,81,"Class2","T",51.725,79.786,42
45.292,46,"F",32.275,48.589,41.102,56,"Class1","U",29.69,73.767,84
16.911,42,"Z",65.925,78.474,11.279,82,"Class2","X",70.729,75.58,35
28.737,43,"N",81.352,48.459,27.435,31,"Class1","R",NA,73.679,62
26.104,43,"L",26.198,48.081,51.765,16,"Class1","H",41.425,73.229,73
44.753,44,"N",48.909,48.632,70.412,28,"Class1","U",60.632,73.34,75
87.24,50,"A",36.534,50.034,42.321,23,"Class4","Y",96.049,3.503,76
87.379,53,"A",25.206,55.441,41.14,22,"Class4","J",96.731,1.925,85
39.23,45,"L",68.065,48.998,43.991,48,"Class1","R",61.763,74.193,77
33.339,46,"N",83.631,48.165,47.737,37,"Class1","W",65.469,73.625,67
19.319,39,"F",64.546,77.071,11.139,91,"Class2","J",55.079,101.088,40
47.412,46,"F",59.535,48.836,0.52,70,"Class1","H",46.35,73.498,77
19.612,57,"F",70.529,75.376,16.955,90,"Class2","K",60.969,84.003,45
21.043,50,"F",69.093,78.573,10.422,93,"Class2","T",61.919,85.869,32
87.444,50,"U",39.66,59.618,41.384,22,"Class4","J",96.751,3.361,70
20.403,53,"M",71.695,75.522,15.628,96,"Class2","K",NA,96.682,37
70.17,43,"T",NA,48.246,42.335,33,"Class1","H",32.678,73.662,61
67.84,63,"M",48.618,63.877,68.736,85,"Class3","D",48.253,16.879,65
42.611,43,"T",37.993,48.273,50.612,43,"Class1","U",62.291,74.034,85
19.395,36,"L",71.195,76.69,18.609,87,"Class2","X",55.275,80.045,44
69.76,62,"O",46.331,68.79,25.94,23,"Class3","N",58.003,16.722,38
89.942,63,"Q",51.327,63.394,16.591,76,"Class3","Y",56.409,16.113,78
87.224,49,"J",42.599,56.354,41.656,23,"Class4","J",96.906,3.953,54
87.916,43,"J",39.862,59.744,41.13,21,"Class4","Y",NA,3.953,56
79.558,63,"J",47.102,67.487,41.851,32,"Class3","L",52.175,16.168,26
75.885,61,"M",66.781,65.993,30.182,67,"Class3","T",53.612,16.475,40
87.208,57,"J",37.567,65.871,41.689,21,"Class4","X",96.767,2.759,70
78.606,63,"C",45.996,64.638,33.94,51,"Class3","Y",47.939,16.296,63
62.373,44,"L",17.499,48.423,31.271,39,"Class1","R",25.354,73.445,77
19.868,39,"Z",69.209,77.963,13.902,80,"Class2","T",63.189,95.397,35
18.024,40,"I",64.317,75.635,9.555,93,"Class2","K",61.703,83.086,41
20.729,65,"M",64.173,76.439,11.445,93,"Class2","J",58.511,86.369,40
77.876,62,"J",37.92,66.401,35.1,48,"Class3","Y",NA,16.767,49
31.435,46,"T",60.101,48.917,16.754,13,"Class1","U",57.808,73.631,75
17.882,46,"Z",68.702,76.947,13.098,84,"Class2","Q",52.114,89.473,30
87.33,57,"O",49.275,35.201,41.277,23,"Class4","Y",96.784,3.815,59
20.535,52,"M",71.125,81.742,8.262,91,"Class2","Q",67.181,96.854,35
49.673,46,"F",77.74,48.719,65.095,66,"Class1","R",46.901,72.985,83
30.26,46,"G",79.529,48.517,13.05,56,"Class1","W",45.629,73.573,88
18.346,55,"I",65.538,76.723,10.063,82,"Class2","X",67.645,92.989,30
47.226,45,"T",84.179,48.43,64.667,56,"Class1","U",39.199,73.383,85
84.83,62,"M",65.858,63.13,101.196,87,"Class3","D",57.97,17.388,46
91.142,63,"M",77.304,69.466,52.175,6,"Class3","L",46.128,16.309,20
68.033,44,"T",56.28,48.038,32.17,58,"Class1","H",47.256,72.992,87
84.911,61,"J",65.775,65.5,66.868,9,"Class3","L",53.45,16.483,42
89.698,63,"J",61.464,67.345,68.645,45,"Class3","D",56.239,16.338,73
19.136,62,"L",69.149,75.759,15.788,81,"Class2","J",51.907,83.612,35
20.468,65,"I",66.085,79.341,15.25,94,"Class2","K",63.643,80.845,44
18.296,62,"F",71.303,82.53,12.381,96,"Class2","X",66.056,83.83,35
75.672,61,"M",42.399,68.983,41.522,45,"Class3","Y",57.014,16.591,79
35.785,44,"T",26.167,48.321,46.901,45,"Class1","U",61.661,73.507,84
36.487,43,"G",14.573,48.912,43.53,41,"Class1","U",64.111,73.451,77
87.344,45,"U",55.088,28.545,41.294,22,"Class4","X",96.511,2.608,70
17.287,44,"N",71.452,48.718,37.944,34,"Class1","G",61.308,73.151,77
47.348,44,"G",21.115,48.36,59.48,39,"Class1","U",39.6,72.575,73
87.125,55,"O",45.7,69.632,40.87,23,"Class4","J",96.339,5.464,72
50.376,44,"L",63.43,48.174,58.412,36,"Class1","H",47.073,73.174,89
93.423,61,"O",52.041,69.524,47.207,74,"Class3","L",57.616,16.9,20
87.525,40,"O",39.785,52.495,40.78,23,"Class4","Y",96.392,3.69,74
70.837,62,"C",18.116,67.195,30.074,80,"Class3","D",48.165,16.517,79
45.366,44,"T",46.91,48.383,92.696,79,"Class1","R",54.78,73.87,65
87.621,50,"U",23.084,61.318,41.647,21,"Class4","J",96.324,3.264,69
21.081,44,"Z",64.256,82.048,10.264,91,"Class2","Q",58.234,79.097,35
87.309,44,"O",29.058,57.385,41.568,21,"Class4","R",96.04,4.094,51
83.615,62,"M",13.35,63.68,30.576,39,"Class3","Y",NA,16.754,45
19.376,38,"F",69.972,76.586,12.683,83,"Class2","T",61.144,96.381,41
21.031,52,"M",69.409,82.419,14.918,96,"Class2","Q",NA,87.346,38
19.967,54,"L",73.321,81.851,13.139,84,"Class2","K",52.116,97.646,32
88.067,40,"O",42.786,58.013,41.59,22,"Class4","A",96.069,4.833,69
63.953,44,"T",62.817,48.532,50.964,21,"Class1","W",45.506,73.179,69
83.113,44,"N",42.713,48.336,16.069,81,"Class1","H",61.444,73.04,74
87.559,42,"T",31.153,51.126,42.17,22,"Class4","J",96.967,3.922,49
19.497,61,"L",68.98,80.019,10.02,92,"Class2","T",68.485,83.813,39
17.381,58,"F",67.049,79.317,14.204,91,"Class2","K",60.565,92.397,43
87.14,45,"U",48.924,68.232,41.018,21,"Class4","J",96.562,2.208,71
34.289,43,"G",77.552,48.588,44,67,"Class1","R",38.975,73.783,87
87.133,52,"A",25.556,42.704,41.764,23,"Class4","A",96.18,2.388,79
20.005,65,"M",70.653,77.678,14.736,85,"Class2","J",70.575,92.017,30
25.742,43,"G",52.261,48.853,39.656,37,"Class1","H",48.275,73.174,61
91.775,63,"M",39.115,67.894,21.718,80,"Class3","T",56.776,16.964,80
87.08,50,"J",41.484,56.144,41.354,21,"Class4","J",96.066,3.234,63
87.139,63,"Q",21.713,65.849,46.173,80,"Class3","L",52.782,17.109,58
18.989,55,"M",68.378,76.424,7.593,91,"Class2","K",60.387,77.702,44
44.195,44,"N",46.428,48.659,33.264,69,"Class1","G",58.808,74.086,80
18.566,57,"L",72.797,79.192,16.323,95,"Class2","T",51.568,86.187,39
67.98,61,"M",50.429,68.607,48.42,60,"Class3","Y",57.073,16.471,83
20.154,56,"I",72.234,81.32,10.631,81,"Class2","X",72.805,90.588,35
19.641,50,"Z",69.846,79.014,19.624,88,"Class2","J",52.425,96.226,44
95.954,62,"O",44.734,63.114,48.732,23,"Class3","N",55.141,16.428,27
56.573,44,"F",45.68,48.348,41.148,77,"Class1","H",25.409,73.791,68
18.854,59,"M",63.985,81.243,6.696,83,"Class2","T",54.013,86.739,37
87.361,63,"C",11.207,66.265,56.08,95,"Class3","D",47.538,16.314,77
87.532,50,"T",33.914,74.606,41.712,23,"Class4","J",96.876,5.131,88
18.432,36,"M",63.632,75.388,14.386,86,"Class2","K",56.771,87.459,36
44.35,43,"N",47.536,48.665,30.985,18,"Class1","G",51.753,72.853,73
17.502,65,"Z",65.615,76.447,5.859,81,"Class2","Q",64.555,81.234,41
61.084,62,"Q",47.66,68.699,43.307,73,"Class3","Y",56.261,16.304,51
88.23,49,"J",35.964,57.701,41.434,23,"Class4","J",96.214,2.54,64
33.069,45,"G",36.257,48.255,15.18,18,"Class1","U",29.016,73.6,84
80.47,62,"O",36.601,68.272,42.881,14,"Class3","D",58.345,16.98,52
91.207,61,"C",67.79,68.313,10.264,65,"Class3","T",50.87,16.693,36
68.009,61,"O",51.086,64.319,51.456,68,"Class3","Y",49.621,16.574,32
80.057,61,"Q",44.768,65.96,28.484,93,"Class3","Y",53.951,16.607,77
87.53,62,"O",36.798,65.917,44.283,64,"Class3","N",49.603,16.565,52
87.522,40,"O",45.988,26.03,41.932,22,"Class4","J",96.74,4.992,49
19.808,40,"I",66.053,75.415,12.339,80,"Class2","Q",69.523,86.14,42
91.63,61,"M",43.371,65.042,73.726,87,"Class3","N",55.807,16.653,74
87.54,50,"J",23.112,75.437,41.196,21,"Class4","J",96.876,3.209,75
40.987,43,"N",19.975,48.246,40.328,31,"Class1","H",43.705,73.364,86
87.082,54,"U",55.171,30.327,41.574,22,"Class4","Y",96.51,3.795,79
39.901,46,"N",43.084,48.026,75.41,42,"Class1","U",66.275,73.478,74
54.762,46,"N",57.443,48.93,28.918,58,"Class1","G",31.775,72.7,61
20.72,65,"F",63.888,78.41,8.512,87,"Class2","Q",56.517,86.469,39
18.053,52,"F",71.887,80.627,10.875,96,"Class2","Q",50.482,94.564,42
33.72,46,"F",48.549,48.013,59.681,66,"Class1","U",63.534,72.945,81
18.981,65,"F",64.457,76.313,4.933,94,"Class2","Q",61.56,100.255,41
20.041,56,"I",66.212,75.108,14.776,96,"Class2","T",54.455,74.939,42
87.509,42,"O",NA,31.922,41.448,21,"Class4","A",96.68,4.201,85
18.858,52,"Z",65.184,75.33,17.18,91,"Class2","J",55.713,82.411,41
80.008,63,"C",48.084,64.569,47.11,85,"Class3","T",50.459,16.332,79
43.433,44,"F",71.623,48.351,54.663,13,"Class1","U",31.887,73.456,78
19.305,50,"L",63.508,82.229,10.816,95,"Class2","X",54.587,82.659,36
69.109,62,"M",18.08,66.114,51.526,19,"Class3","Y",50.785,16.535,67
20.618,42,"F",64.679,79.771,8.902,88,"Class2","Q",59.537,78.918,38
81.974,62,"Q",15.57,65.855,74.732,52,"Class3","N",47.828,16.809,70
76.23,61,"C",47.833,68.29,75.306,77,"Class3","L",48.431,16.346,64
32.952,43,"F",76.789,48.128,91.803,53,"Class1","H",66.454,73.437,64
87.164,43,"A",42.594,27.097,41.629,21,"Class4","X",96.958,3.287,80
87.086,57,"A",54.937,66.798,41.495,22,"Class4","A",96.02,4.131,72
87.884,36,"T",24.703,37.277,41.267,22,"Class4","A",96.018,2.385,70
48.234,44,"F",45.872,48.642,50.896,26,"Class1","H",35.16,72.92,77
87.214,52,"U",26.82,50.682,41.343,21,"Class4","X",96.572,4.54,89
77.978,63,"J",40.145,63.122,41.956,29,"Class3","T",49.091,16.381,12
20.883,58,"Z",63.961,75.809,9.199,89,"Class2","T",71.548,90.302,35
19.477,48,"F",72.956,78.2,13.107,93,"Class2","Q",54.975,89.517,30
87.319,50,"T",47.659,36.284,41.15,21,"Class4","J",96.879,4.057,77
77.426,63,"J",69.715,63.12,85.115,32,"Class3","L",59.998,16.456,87
87.228,40,"T",24.665,66.601,42.091,23,"Class4","Y",96.563,3.348,85
87.549,52,"O",46.619,71.988,41.642,22,"Class4","R",96.566,3.745,65
66.665,62,"M",44.996,64.494,65.343,75,"Class3","N",48.459,16.173,21
88.132,54,"A",39.425,27.238,41.434,22,"Class4","X",96.772,4.188,72
87.608,53,"U",31.994,44.174,41.62,23,"Class4","X",96.239,3.72,73
87.346,45,"J",NA,52.014,41.031,22,"Class4","R",96.628,4.332,77
20.733,36,"I",71.072,78.301,9.369,92,"Class2","J",72.202,85.127,38
97.97,61,"O",41.513,67.075,46.499,22,"Class3","Y",52.829,16.483,20
34.525,46,"F",26.336,48.031,47.597,26,"Class1","H",64.691,73.178,66
30.806,43,"T",30.898,48.604,51.718,87,"Class1","H",57.012,73.01,81
87.192,49,"U",42.279,40.357,41.503,22,"Class4","X",96.977,1.689,56
67.661,46,"T",13.137,48.948,57.848,75,"Class1","R",69.814,73.444,78
19.863,35,"Z",69.631,82.966,12.001,91,"Class2","T",65.697,97.453,36
88.228,41,"A",28.331,53.285,41.192,23,"Class4","R",96.87,3.867,60
87.159,57,"U",43.498,63.84,41.983,22,"Class4","R",96.292,2.76,51
19.278,41,"I",71.199,78.362,10.795,82,"Class2","T",51.961,91.953,40
87.512,36,"J",48.19,29.009,41.323,22,"Class4","A",96.995,1.446,55
87.485,61,"C",29.589,66.828,27.121,14,"Class3","N",51.207,16.33,32
18.389,56,"L",72.024,81.324,8.294,93,"Class2","J",62.255,83.391,33
20.032,49,"L",71.412,80.226,13.637,93,"Class2","X",51.514,89.956,39
31.277,43,"F",17.697,48.092,-18.217,60,"Class1","R",68.172,73.522,63
87.813,47,"U",40.925,69.679,41.372,23,"Class4","Y",96.029,5.799,66
73.384,44,"L",57.975,48.017,43.352,44,"Class1","U",46.108,72.637,69
77.83,62,"C",24.54,68.616,70.228,72,"Class3","Y",55.636,16.184,35
20.471,44,"L",66.14,82.306,13.382,94,"Class2","J",65.799,74.727,35
71.205,63,"C",74.956,66.556,39.797,40,"Class3","L",51.651,15.967,8
20.361,60,"Z",64.7,79.318,13.514,81,"Class2","X",70.189,83.616,34
20.906,53,"L",68.542,78.162,11.113,89,"Class2","J",69.98,92.934,31
38.995,43,"N",72.151,48.914,29.819,81,"Class1","U",39.442,73.534,72
81.123,62,"J",71.075,67.487,18.582,29,"Class3","L",48.729,16.013,24
87.656,38,"T",30.034,30.417,41.611,21,"Class4","J",96.916,2.567,78
36.867,46,"G",60.102,48.707,19.447,72,"Class1","U",43.161,73.121,76
18.308,51,"L",70.233,76.814,10.149,86,"Class2","T",59.335,99.215,31
87.828,51,"U",53.304,44.703,41.431,23,"Class4","J",96.639,2.576,50
18.875,64,"M",70.225,76.149,11.991,91,"Class2","X",53.33,89.599,39
87.764,36,"J",56.435,49.622,41.687,22,"Class4","R",96.292,4.312,80
90.858,63,"Q",16.697,67.62,0.913,11,"Class3","D",NA,16.435,92
53.607,46,"L",83.142,48.424,49.001,65,"Class1","G",49.1,73.708,65
62.937,44,"L",65.57,48.754,39.028,25,"Class1","R",64.719,73.23,87
86.703,55,"J",25.593,46.125,41.508,21,"Class4","A",96.379,4.605,49
87.554,38,"T",42.052,47.806,42.175,22,"Class4","R",96.949,5.589,56
41.029,45,"G",74.987,48.4,72.11,46,"Class1","W",30.939,73.372,75
20.863,60,"M",64.143,79.126,12.579,86,"Class2","J",64.591,82.061,37
29.653,46,"F",29.968,48.796,53.588,72,"Class1","R",54.07,73.036,85
91.376,61,"O",29.631,66.649,94.416,53,"Class3","T",47.507,16.666,70
87.502,39,"U",48.458,32.567,41.106,23,"Class4","R",96.278,5.872,77
76.5,61,"Q",13.338,69.691,55.039,75,"Class3","T",48.78,16.63,66
87.506,42,"J",45.709,46.533,42.189,22,"Class4","R",96.178,4.515,75
53.425,45,"N",75.988,48.721,43.256,87,"Class1","W",61.055,73.936,86
19.681,42,"F",67.164,77.99,15.261,82,"Class2","Q",58.371,103.146,31
18.924,35,"Z",68.121,76.773,12.742,86,"Class2","Q",60.25,80.125,34
81.174,61,"J",NA,65.167,40.136,79,"Class3","D",50.07,16.114,89
18.892,51,"F",63.691,79.926,6.576,85,"Class2","Q",50.887,89.017,34
87.554,40,"O",48.281,56.151,41.329,23,"Class4","J",96.806,2.457,87
84.928,61,"C",37.337,68.069,91.193,49,"Class3","L",58.539,16.738,64
87.79,49,"O",54.415,69.312,41.596,21,"Class4","Y",96.437,3.02,84
45.436,46,"N",49.684,48.699,46.345,14,"Class1","W",42.067,73.161,83
87.641,48,"J",51.588,46.192,41.509,21,"Class4","J",96.945,2.795,59
87.241,55,"T",23.049,60.397,41.212,21,"Class4","J",96.409,4.394,75
54.502,46,"L",19.24,48.494,28.031,79,"Class1","H",44.491,74.053,78
53.957,43,"G",71.871,48.993,49.165,83,"Class1","R",32.565,73.645,73
19.247,52,"F",64.643,81.093,10.092,83,"Class2","K",53.046,88.96,36
18.827,57,"M",66.812,82.185,11.105,92,"Class2","J",57.39,76.887,42
87.616,50,"U",NA,47.806,41.329,21,"Class4","Y",96.621,1.334,87
87.291,48,"T",55.034,29.854,41.529,21,"Class4","Y",NA,2.565,65
69.533,44,"T",37.547,48.782,17.798,86,"Class1","R",51.176,73.861,82
19.723,35,"I",72.828,78.499,16.039,80,"Class2","T",54.314,68.384,45
18.966,40,"L",72.046,82.237,14.226,90,"Class2","J",56.421,104.999,45
20.537,44,"I",67.264,76.465,9.062,87,"Class2","J",72.894,94.215,40
85.805,62,"C",47.804,64.244,18.386,17,"Class3","Y",57.955,16.829,18
95.337,61,"J",57.996,65.837,24.669,51,"Class3","T",50.847,15.984,63
18.308,60,"L",64.6,82.208,18.827,89,"Class2","T",49.742,91.09,41
38.715,45,"L",70.918,48.969,40.637,23,"Class1","H",65.436,73.087,82
92.783,61,"C",28.667,69.083,42.355,38,"Class3","Y",50.936,16.174,28
44.229,45,"G",35.943,48.567,52.547,16,"Class1","W",46.71,73.008,87
19.809,47,"L",NA,82.139,8.621,80,"Class2","J",66.325,84.525,45
87.547,51,"T",33.204,36.069,41.613,22,"Class4","X",96.849,4.252,57
79.753,63,"C",61.247,67.944,102.735,24,"Class3","N",47.587,16.821,82
64.998,43,"G",80.694,48.548,32.86,76,"Class1","W",61.082,74.061,75
87.533,51,"U",27.763,50.608,41.25,23,"Class4","Y",96.718,4.234,58
87.641,57,"T",NA,63.108,41.495,23,"Class4","A",96.363,2.857,65
87.661,40,"T",32.211,33.383,42.004,23,"Class4","X",96.965,3.361,76
87.486,54,"O",41.49,63.506,40.899,23,"Class4","X",96.65,3.593,88
69.878,62,"Q",56.859,64.037,76.997,67,"Class3","L",53.613,16.885,82
18.681,43,"T",43.347,48.713,39.665,34,"Class1","G",41.233,73.104,80
68.336,43,"F",67.212,48.068,13.093,74,"Class1","W",28.865,73.543,74
19.515,36,"F",71.204,78.918,12.462,84,"Class2","X",NA,87.582,36
75.73,62,"M",40.334,69.539,59.893,10,"Class3","N",57.817,16.427,22
80.911,62,"C",29.645,67.007,56.655,21,"Class3","Y",57.168,17.202,16
46.325,43,"F",54.587,48.557,-3.964,46,"Class1","W",NA,73.667,78
87.237,53,"U",26.251,54.546,41.102,22,"Class4","J",96.119,3.269,48
82.353,63,"O",58.997,64.745,46.345,65,"Class3","D",52.546,17.17,50
86.99,51,"A",39.14,53.626,41.461,21,"Class4","J",96.571,3.448,53
76.27,62,"Q",46.223,63.255,19.424,58,"Class3","L",46.845,16.766,19
87.565,47,"J",43.008,72.596,41.479,22,"Class4","A",96.101,2.294,54
19.245,38,"L",63.596,81.126,15.452,84,"Class2","J",65.969,90.468,34
56.527,46,"G",28.697,48.99,16.5,47,"Class1","H",66.845,73.695,70
45.538,43,"T",58.961,48.186,55.316,67,"Class1","H",33.643,73.08,67
88.018,62,"Q",71.983,68.457,38.583,47,"Class3","T",58.597,17.101,41
18.161,39,"I",71.356,79.217,14.836,92,"Class2","K",61.588,97.377,34
87.604,44,"U",54.721,55.543,41.271,21,"Class4","Y",96.409,3.481,82
34.998,43,"F",32.492,48.499,65.433,40,"Class1","R",61.988,73.359,79
19.753,63,"M",65.379,80.046,15.475,82,"Class2","Q",65.883,82.582,40
27.423,45,"L",82.136,48.088,55.54,16,"Class1","G",53.356,73.317,84
71.926,63,"C",72.168,69.207,39.397,62,"Class3","T",47.268,16.255,49
65.407,61,"C",77.569,65.841,45.051,72,"Class3","T",52.836,16.402,76
87.397,55,"J",33.163,32.483,42.209,21,"Class4","J",96.769,3.1,70
62.489,44,"N",59.921,48.583,63.164,31,"Class1","H",41.267,73.529,85
18.852,63,"Z",67.754,77.875,14.94,86,"Class2","J",52.897,84.506,45
19.097,48,"L",67.545,78.141,13.051,85,"Class2","K",50.306,68.219,36
87.903,55,"O",47.84,45.609,41.512,22,"Class4","X",96.005,3.875,52
87.328,56,"T",37.773,30.081,41.148,21,"Class4","Y",96.158,3.622,78
21.214,55,"F",73.413,79.486,12.995,89,"Class2","T",54.874,76.757,39
86.447,62,"Q",63.786,68.147,53.991,78,"Class3","D",58.508,16.194,55
72.254,63,"O",53.512,64.047,60.595,63,"Class3","D",56.179,16.337,80
59.229,45,"F",32.436,48.875,11.145,19,"Class1","R",55.47,73.882,78
81.674,61,"O",67.721,65.626,50.066,91,"Class3","L",51.326,16.862,21
41.779,43,"T",40.333,48.522,69.764,22,"Class1","R",26.464,73.668,88
41.799,43,"N",45.915,48.687,61.499,69,"Class1","G",51.702,73.294,67
59.237,44,"G",63.65,48.185,45.338,65,"Class1","W",65.613,73.38,80
81.583,62,"M",48.173,64.609,33.152,23,"Class3","Y",58.889,16.538,67
84.217,61,"O",48.268,64.63,61.546,45,"Class3","T",59.422,16.65,53
20.757,49,"M",68.862,77.416,13.376,92,"Class2","Q",60.529,87.055,34
81.453,61,"O",NA,66.039,63.414,48,"Class3","L",49.925,16.025,24
83.277,63,"J",32.085,63.825,60.83,9,"Class3","Y",54.896,16.802,19
51.224,46,"T",23.144,48.918,54.274,22,"Class1","R",31.712,73.837,83
87.017,44,"O",44.005,32.536,41.407,21,"Class4","R",NA,4.316,84
19.396,38,"M",66.097,75.366,12.406,82,"Class2","K",67.174,91.023,31
87.761,63,"C",59.505,63.825,47.295,81,"Class3","D",NA,15.778,22
88.054,48,"T",25.502,35.821,41.518,21,"Class4","R",96.545,4.11,58
63.565,44,"T",25.46,48.163,56.447,53,"Class1","R",28.35,73.527,86
45.969,46,"F",37.114,48.72,51.092,71,"Class1","H",35.614,73.278,86
77.383,61,"C",39.337,66.259,42.257,47,"Class3","L",51.583,16.796,33
39.277,46,"G",32.366,48.868,53.143,76,"Class1","H",42.476,73.998,81
18.271,61,"M",73.022,79.079,10.733,91,"Class2","T",65.831,92.725,43
19.679,54,"F",67.41,81.531,15.033,82,"Class2","J",69.135,98.875,41
87.338,44,"O",NA,34.503,41.853,23,"Class4","R",96.235,3.255,81
20.418,47,"F",73.442,77.394,13.594,90,"Class2","Q",53.905,81.869,31
81.246,62,"M",60.304,64.679,36.903,57,"Class3","D",52.146,16.562,10
87.431,57,"T",43.958,49.589,42.3,21,"Class4","Y",96.115,3.516,67
43.994,45,"G",50.797,48.525,23.618,80,"Class1","R",65.786,73.263,62
20.318,35,"Z",64.133,75.259,15.787,81,"Class2","J",60.023,94.467,45
87.709,49,"U",42.518,75.12,42.069,21,"Class4","A",96.903,3.523,57
30.228,43,"G",84.812,48.756,67.391,41,"Class1","G",44.19,73.202,62
77.358,62,"Q",71.652,68.037,14.137,64,"Class3","D",58.07,16.949,83
88.123,50,"A",NA,42.536,41.324,21,"Class4","J",96.54,4.167,71
81.898,62,"J",74.617,68.384,55.08,7,"Class3","T",50.791,15.968,71
82.06,62,"J",49.217,64.525,70.861,70,"Class3","N",58.196,16.061,48
18.36,58,"I",64.844,76.071,11.669,89,"Class2","Q",72.737,82.744,36
19.149,60,"M",73.398,76.577,11.581,85,"Class2","K",68.423,90.668,36
42.135,45,"L",37.119,48.235,38.461,26,"Class1","G",57.379,73.106,84
69.525,44,"T",52.388,48.953,62.71,77,"Class1","G",56.293,73.669,73
70.273,61,"C",29.961,64.196,23.975,64,"Class3","N",46.221,16.117,57
31.315,44,"N",24.622,48.847,108.044,25,"Class1","H",59.15,73.676,64
87.347,48,"J",46.855,40.854,41.608,23,"Class4","R",96.711,3.458,59
72.542,62,"O",18.557,66.644,41.881,87,"Class3","Y",46.296,16.504,34
87.447,45,"T",NA,63.634,41.287,23,"Class4","J",96.626,2.345,84
87.617,36,"U",23.896,65.759,41.985,22,"Class4","A",96.768,5.956,59
21.224,37,"I",72.631,79.94,6.692,85,"Class2","T",70.627,81.977,34
87.384,56,"U",45.07,57.426,41.507,21,"Class4","X",96.225,3.724,70
46.132,45,"T",34.691,48.585,37.718,65,"Class1","R",57.706,73.203,74
87.702,37,"A",56.88,64.889,41.547,22,"Class4","Y",96.728,4.536,70
18.027,56,"F",70.072,79.824,11.406,90,"Class2","Q",55.335,74.317,34
73.318,61,"O",32.297,67.062,26.306,77,"Class3","L",58.921,16.206,44
67.468,62,"Q",34.839,65.865,70.843,35,"Class3","Y",51.156,16.623,44
19.764,46,"L",70.583,75.963,10.507,84,"Class2","K",53.547,74.548,41
81.91,63,"Q",63.578,64.92,20.911,62,"Class3","Y",57.594,16.324,78
47.089,46,"N",17.54,48.951,67.167,60,"Class1","W",31.137,73.855,86
18.934,59,"L",65.09,79.738,11.047,86,"Class2","Q",59.015,90.661,45
87.971,47,"O",50.315,30.728,41.866,21,"Class4","R",96.912,3.627,59
88.696,61,"M",66.219,68.405,48.338,48,"Class3","L",54.925,16.408,66
80.125,61,"M",38.719,68.87,71.996,7,"Class3","T",51.875,16.394,86
17.868,44,"F",70.814,80.397,12.382,82,"Class2","X",69.424,85.879,44
72.752,61,"O",22.37,65.618,53.806,73,"Class3","L",57.183,15.957,21
87.506,46,"O",34.149,52.631,41.521,21,"Class4","J",96.132,2.893,57
89.64,61,"Q",43.594,67.949,84.76,63,"Class3","L",52.243,16.276,53
84.781,63,"J",59.902,64.05,13.661,53,"Class3","N",NA,16.006,91
87.4,46,"O",54.144,72.696,41.676,21,"Class4","J",NA,3.497,57
86.845,36,"O",29.428,57.967,41.577,21,"Class4","A",96.607,3.662,82
71.078,62,"J",NA,64.996,53.943,40,"Class3","T",51.955,16.405,38
83.382,63,"Q",22.903,67.444,48.846,17,"Class3","Y",47.163,16.226,16
19.169,43,"L",69.424,76.684,10.871,88,"Class2","Q",55.643,85.175,45
18.171,44,"I",65.371,82.658,14.293,93,"Class2","Q",70.3,84.96,32
18.624,44,"M",70.18,75.835,17.796,93,"Class2","Q",54.33,85.699,39
80.332,62,"O",39.23,65.704,28.245,60,"Class3","T",53.616,16.038,56
78.637,63,"M",NA,69.474,96.675,13,"Class3","N",55.477,15.948,71
81.59,63,"O",11.578,69.176,36.392,93,"Class3","N",51.358,16.434,23
87.858,42,"T",45.068,55.672,41.301,23,"Class4","Y",96.86,4.041,78
27.42,44,"G",64.22,48.582,30.996,39,"Class1","G",67.696,73.384,89
87.704,44,"A",31.231,71.172,42.01,21,"Class4","Y",96.16,2.585,88
19.04,40,"F",63.459,79.383,12.098,89,"Class2","J",NA,90.01,39
78.249,61,"J",28.535,68.951,39.64,11,"Class3","Y",49.721,16.517,9
18.55,60,"F",70.36,77.514,5.375,91,"Class2","J",NA,90.258,34
19.344,45,"I",67.885,79.13,7.726,87,"Class2","T",59.115,84.463,33
19.084,47,"M",72.903,75.753,17.217,86,"Class2","Q",66.727,91.061,35
26.841,46,"T",17.844,48.711,82.771,41,"Class1","R",36.458,73.468,65
18.939,45,"L",24.56,48.677,23.69,18,"Class1","U",40.074,73.752,64
76.091,63,"C",17.858,65.262,93.37,79,"Class3","T",46.086,16.625,65
18.392,57,"I",70.48,82.162,11.69,83,"Class2","J",68.418,91.205,39
42.907,43,"F",70.171,48.702,6.543,13,"Class1","R",24.42,73.079,68
38.2,44,"L",35.25,48.401,6.361,87,"Class1","H",59.721,73.422,61
17.808,53,"I",71.162,81.176,12.015,93,"Class2","Q",71.077,86.248,43
74.867,63,"C",21.052,68.072,114.414,56,"Class3","L",53.903,16.393,59
87.828,47,"J",40.282,63.095,41.175,23,"Class4","A",96.631,3.199,86
81.814,61,"M",35.285,66.717,50.848,33,"Class3","T",59.771,16.428,81
40.003,46,"N",60.339,48.088,41.06,49,"Class1","H",50.747,73.556,76
87.458,54,"U",40.796,34.294,41.852,21,"Class4","A",96.57,2.373,61
87.236,52,"J",28.175,36.203,41.17,22,"Class4","A",96.604,3.31,75
45.418,44,"N",40.882,48.54,32.191,87,"Class1","R",66.179,73.719,61
70.522,46,"F",21.131,48.599,27.142,71,"Class1","U",38.151,73.543,88
87.423,51,"J",48.281,40.173,41.645,23,"Class4","Y",96.917,2.128,57
45.096,45,"F",75.367,48.565,15.253,77,"Class1","U",62.297,73.458,71
55.971,44,"N",43.045,48.297,57.791,42,"Class1","G",62.464,73.139,63
19.277,64,"Z",73.837,77.039,10.928,92,"Class2","J",57.585,89.298,30
92.881,61,"O",NA,66.564,64.786,32,"Class3","L",50.454,16.496,58
49.18,43,"T",21.142,48.823,63.262,41,"Class1","W",58.712,73.601,73
76.3,63,"M",25.036,64.759,35.118,70,"Class3","N",47.394,16.198,46
