"U1","U2","U3","Output20","U4","U5","U6","U7","U8","U9","U10","U11"
73,52,69.002,"Class2",23.289,42,"M",36.223,"F",64.455,42,61.781
74.054,72,NA,"Class2",113.477,48,"U",36.005,"E",62.193,24,30.017
31.108,60,15.916,"Class3",67.623,49,"W",37.919,"R",65.597,86,63.947
69.783,63,66.186,"Class2",11.289,34,"N",51.793,"J",52.378,59,28.823
74.92,86,27.25,"Class1",40.486,67,"E",30.956,"O",21.936,56,33.253
72.764,68,65.251,"Class2",31.701,29,"C",51.235,"F",44.842,61,31.98
73.64,85,43.417,"Class1",70.801,57,"E",30.331,"L",23.166,64,71.482
24.49,51,34.693,"Class3",56.804,57,"W",61.521,"Q",66.769,83,88.379
75.069,85,31.173,"Class1",6.855,51,"P",29.552,"L",25.506,63,77.446
69.208,36,73.955,"Class2",33.827,52,"U",36.398,"F",67.752,77,74.858
31.255,51,65.371,"Class3",78.997,59,"U",50.217,"S",67.048,90,93.986
72.947,37,61.398,"Class2",34.124,31,"U",54.326,"J",74.386,80,67.719
75.646,60,60.545,"Class2",21.119,37,"M",48.601,"F",43.757,85,69.567
69.409,93,NA,"Class1",33.689,40,"P",30.93,"O",28.6,55,70.828
78.089,87,37.638,"Class1",52.08,95,"J",30.953,"C",23.778,58,47.655
28.391,48,17.046,"Class3",63.219,56,"U",51.566,"E",66.216,90,84.828
27.299,66,31.774,"Class3",69.467,54,"P",45.897,"Q",65.474,93,97.529
17.456,57,61.174,"Class3",65.543,56,"P",67.865,"R",67.335,93,83.072
62.192,98,73.275,"Class1",81.907,36,"D",27.848,"C",26.374,64,49.508
57.693,95,71.85,"Class1",58.437,80,"K",28.569,"T",28.546,52,18.355
74.564,90,57.389,"Class1",106.508,63,"E",24.659,"T",27.82,52,NA
19.68,70,44.232,"Class3",73.231,49,"P",64.222,"R",66.773,85,96.966
24.578,53,19.433,"Class3",72.094,56,"W",87.567,"E",68.857,91,82.598
56.479,85,42.008,"Class1",46.633,45,"D",23.254,"L",25.14,60,82.852
69.175,50,61.527,"Class2",8.07,39,"C",39.803,"E",42.285,35,27.511
29.027,60,74.829,"Class3",59.871,54,"P",40.878,"S",67.071,93,70.048
24.472,50,NA,"Class3",57.575,58,"W",51.555,"S",65.118,92,69.748
72.687,93,60.355,"Class1",68.792,38,"E",36.092,"O",31.431,58,71.947
75.854,24,64.541,"Class2",39.813,34,"N",44.77,"V",40.237,50,47.102
70.656,96,48.854,"Class1",31.888,61,"D",30.372,"O",30.556,65,71.039
66.883,95,58.279,"Class1",26.839,61,"D",33.89,"L",20.481,59,32.747
71.654,67,71.868,"Class2",34.815,52,"M",49.488,"F",51.281,47,44.334
75.992,26,75.534,"Class2",37.774,19,"M",44.384,"E",62.2,69,51.365
25.548,68,NA,"Class3",58.268,57,"P",69.31,"Q",67.359,85,65.688
29.011,53,36.738,"Class3",69.481,57,"F",63.914,"Q",67.37,87,65.131
74.5,33,61.541,"Class2",38.239,21,"M",42.824,"V",74.53,23,NA
19.961,56,44.288,"Class3",70.001,50,"U",46.857,"E",68.383,87,82.639
20.686,56,NA,"Class3",78.007,56,"U",52.487,"R",65.598,93,90.913
74.798,75,75.868,"Class2",53.342,48,"M",48.32,"E",52.516,83,62.857
72.933,63,NA,"Class2",63.964,52,"U",42.397,"V",63.194,33,NA
57.277,86,72.749,"Class1",41.277,61,"P",34.495,"L",28.739,55,82.434
74.275,78,58.081,"Class2",95.617,37,"N",42.357,"J",44.473,41,43.26
68.7,97,51.751,"Class1",80.344,39,"P",24.597,"O",39.586,51,78.461
71.55,38,72.321,"Class2",44.538,31,"N",54.825,"J",64.871,52,80.453
67.768,88,75.325,"Class1",58.147,61,"K",33.38,"T",34.025,50,51.024
27.01,61,42.753,"Class3",63.244,52,"H",70.543,"Q",68.172,90,86.693
66.159,87,67.008,"Class1",34.316,95,"P",27.87,"T",30.886,53,16.684
22.94,65,54.59,"Class3",80.614,60,"P",78.326,"E",67.564,90,93.387
72.56,40,73.463,"Class2",43.436,42,"C",53.969,"M",40.889,88,49.048
65.769,87,58.612,"Class1",50.965,37,"J",23.957,"L",36.332,51,76.76
74.227,66,61.218,"Class2",63.227,25,"C",26.675,"E",69.343,71,39.043
23.27,53,13.371,"Class3",75.397,51,"W",65.517,"S",68.454,90,NA
71.764,50,68.998,"Class2",35.177,44,"C",39.476,"E",47.341,81,65.364
34.362,70,44.315,"Class3",59.771,51,"F",75.161,"R",68.149,92,79.076
24.695,82,24.625,"Class3",66.977,60,"P",47.482,"Q",65.696,91,74.258
70.968,48,76.942,"Class2",113.877,46,"R",45.623,"M",52.417,66,34.47
23.323,66,48.567,"Class3",78.609,58,"W",77.796,"R",68.009,86,83.723
65.582,97,61.086,"Class1",66.63,41,"E",27.487,"C",29.724,65,NA
74.638,74,68.149,"Class2",90.077,48,"M",45.584,"J",70.467,76,56.063
24.609,69,69.282,"Class3",61.936,50,"P",70.299,"B",67.021,93,81.38
30.88,73,38.646,"Class3",57.646,54,"U",91.119,"B",67.594,83,90.741
70.644,31,70.222,"Class2",90.59,51,"U",42.921,"V",47.999,23,54.457
76.118,93,35.867,"Class1",32.846,34,"E",39.946,"T",38.29,65,85.85
71.979,30,60.644,"Class2",42.965,28,"U",44.582,"F",46.307,21,24.832
27.502,74,NA,"Class3",60.511,54,"P",74.459,"R",68.34,83,65.338
25.212,66,71.424,"Class3",65.147,56,"U",82.234,"Q",66.02,86,66.983
26.651,59,51.065,"Class3",51.01,57,"H",65.016,"R",68.6,83,67.908
72.565,54,61.549,"Class2",40.259,40,"U",42.848,"M",38.537,59,23.058
64.001,93,45.835,"Class1",57.333,71,"P",23.79,"L",39.969,65,16.457
17.817,78,38.41,"Class3",55.417,60,"U",48.864,"S",67.185,87,83.621
75.852,28,58.798,"Class2",61.247,49,"N",36.512,"M",55.983,28,56.306
63.519,92,51.167,"Class1",-0.005,35,"E",29.59,"R",29.131,52,34.216
34.915,68,66.589,"Class3",48.968,50,"P",20.892,"E",67.657,88,NA
28.52,50,52.734,"Class3",86.142,51,"U",58.191,"Q",67.696,87,79.459
57.217,89,69.744,"Class1",10.1,53,"J",27.72,"T",32.562,50,43.052
59.012,98,48.008,"Class1",56.782,58,"E",28.241,"R",34.908,52,41.384
34.422,76,38.718,"Class3",54.708,53,"H",33.329,"Q",65.419,84,96.285
27.229,74,38.238,"Class3",77.512,57,"F",86.441,"R",65.565,91,NA
29.646,79,NA,"Class3",68.567,49,"U",92.424,"Q",65.645,93,72.837
69.808,95,55.171,"Class1",55.011,73,"P",27.414,"O",25.939,60,20.705
71.248,46,61.221,"Class2",69.036,33,"M",52.526,"E",67.519,34,39.51
69.276,41,62.814,"Class2",42.006,51,"C",38.434,"V",54.271,55,44.211
75.501,26,69.227,"Class2",23.906,30,"R",47.253,"J",62.481,41,33.839
17.419,79,46.644,"Class3",68.586,55,"F",70.395,"E",65.106,92,67.765
76.639,93,66.084,"Class1",63.448,65,"D",27.756,"T",35.364,51,32.659
71.198,47,62.959,"Class2",70,23,"N",47.304,"J",43.482,84,60.368
22.479,61,46.11,"Class3",76.008,49,"F",78.424,"E",68.751,88,97.236
72.522,35,65.859,"Class2",-7.491,19,"N",47.261,"F",68.397,78,27.884
19.068,59,75.523,"Class3",73.38,56,"U",71.438,"R",68.004,86,71.392
74.345,95,NA,"Class1",47.209,97,"E",20.28,"O",26.597,62,40.647
75.194,67,66.821,"Class2",72.362,34,"N",48.878,"F",54.273,44,55.392
65.78,89,NA,"Class1",75.713,77,"D",22.92,"O",25.103,63,29.549
75.297,35,65.089,"Class2",13.022,33,"M",27.459,"E",56.289,38,23.688
73.74,28,61.768,"Class2",17.68,17,"C",44.118,"M",40.745,29,63.96
71.387,45,67.614,"Class2",61.129,41,"C",40.163,"J",59.634,27,56.551
34.19,77,60.635,"Class3",69.721,50,"W",55.253,"E",67.394,89,66.253
23.832,53,40.394,"Class3",62.328,55,"P",75.043,"E",66.837,85,93.369
70.183,44,62.728,"Class2",59.861,25,"C",35.033,"M",70.022,22,56.043
19.118,53,51.835,"Class3",67.585,51,"W",74.308,"B",65.174,84,79.478
68.51,88,56.889,"Class1",11.448,69,"D",22.272,"C",38.63,54,65.632
71.293,66,NA,"Class2",48.884,30,"U",51.613,"F",52.606,32,65.39
69.699,88,66.138,"Class1",12.248,79,"K",35.269,"C",23.75,60,48.929
72.784,30,63.147,"Class2",36.694,29,"R",44.407,"J",74.046,43,67.977
62.369,97,84.374,"Class1",6.371,55,"P",24.153,"O",30.079,50,33.863
70.982,94,64.539,"Class1",81.203,56,"D",29.824,"O",28.841,61,36.75
31.302,64,52.746,"Class3",57.874,57,"W",33.509,"B",67.747,93,65.033
68.753,95,51.567,"Class1",55.439,37,"J",29.894,"T",20.485,54,NA
72.241,53,75.193,"Class2",19.965,36,"U",56.084,"F",60.244,38,44.512
26.681,55,63.537,"Class3",54.067,59,"W",84.333,"B",66.901,85,79.659
72.175,30,61.266,"Class2",71.746,40,"R",44.78,"E",72.449,33,28.194
75.984,64,68.089,"Class2",69.694,20,"C",46.996,"E",61.242,42,60.005
32.17,74,69.064,"Class3",78.603,57,"F",66.642,"R",68.482,93,94.987
73.245,53,69.789,"Class2",49.163,20,"U",43.145,"V",74.093,28,23.672
66.364,90,44.582,"Class1",54.453,91,"D",26.422,"C",32.669,62,90.407
71.146,88,60.267,"Class1",61.186,46,"P",28.668,"L",39.828,62,50.466
74.697,74,65.55,"Class2",121.387,37,"N",44.309,"M",41.753,48,77.823
74.452,64,66.392,"Class2",61.031,48,"R",43.458,"M",67.866,68,75.256
20.853,81,35.551,"Class3",66.72,55,"W",73.718,"Q",65.439,84,63.562
17.506,67,77.535,"Class3",60.244,60,"P",37.541,"S",68.995,85,93.524
60.63,93,54.928,"Class1",64.918,77,"E",19.451,"T",22.7,64,NA
75.967,90,53.361,"Class1",81.389,46,"J",23.879,"O",37.764,52,76.97
68.476,92,58.719,"Class1",49.679,68,"K",26.609,"T",33.559,53,NA
74.78,79,66.678,"Class2",5.7,51,"N",36.329,"F",55.445,26,60.242
31.172,53,40.177,"Class3",58.533,55,"P",96.612,"B",67.076,87,69.547
71.73,69,65.467,"Class2",65.082,25,"R",42.505,"M",52.13,63,26.078
77.023,95,48.963,"Class1",31.438,81,"P",34.816,"T",31.041,62,31.025
32.107,84,48.127,"Class3",65.697,49,"F",95.509,"E",65.919,84,79.025
54.707,89,65.514,"Class1",94.755,56,"J",34.857,"O",37.613,62,26.625
30.64,80,23.589,"Class3",77.629,57,"U",73.802,"Q",65.789,87,95.935
32.691,54,30.508,"Class3",59.961,50,"F",70.142,"S",67.657,87,90.51
74.464,96,39.528,"Class1",68.038,96,"P",25.104,"O",28.249,62,21.502
21.898,53,87.74,"Class3",69.092,54,"W",73.067,"B",66.225,91,92.353
65.523,85,60,"Class1",61.819,53,"P",19.28,"C",25.839,54,30.793
20.837,50,44.491,"Class3",71.105,56,"U",81.183,"S",66.273,84,88.252
74.817,71,66.322,"Class2",49.501,42,"M",42.234,"J",43.583,88,38.658
69.801,44,68.545,"Class2",57.811,26,"M",43.392,"E",49.25,44,68.08
74.593,91,61.617,"Class1",24.952,80,"D",32.874,"C",29.747,54,41.065
54.876,97,52.295,"Class1",95.484,62,"K",25.365,"T",33.866,58,21.07
71.108,34,63.825,"Class2",63.459,17,"U",42.212,"J",54.132,68,37.742
56.833,91,32.833,"Class1",32.574,66,"D",25.898,"T",30.436,54,20.719
71.094,80,68.753,"Class2",45.59,47,"M",50.819,"V",50.175,59,38.915
33.035,72,40.594,"Class3",68.621,54,"W",49.02,"E",67.563,89,68.365
73.099,65,68.374,"Class2",-4.711,31,"R",42.513,"V",60.305,41,30.765
69.041,76,69.565,"Class2",60.196,31,"N",38.384,"E",59.179,75,81.983
73.15,72,58.072,"Class2",92.321,46,"U",43.336,"F",73.269,80,51.472
20.145,83,30.951,"Class3",77.836,59,"U",49.376,"S",68.796,89,80.427
70.065,70,66.029,"Class2",27.189,18,"C",48.502,"E",39.036,44,45.151
69.76,51,67.941,"Class2",34.339,32,"C",51.91,"F",65.697,68,84.207
32.451,78,49.902,"Class3",71.448,59,"U",56.853,"E",65.478,83,81.421
32.685,67,49.945,"Class3",52.802,53,"U",58.444,"E",66.583,92,78.135
27.108,69,48.846,"Class3",53.657,58,"H",65.642,"E",67.243,85,79.084
69.794,52,72.269,"Class2",18.875,42,"U",45.936,"J",49.447,51,60.762
30.128,48,35.568,"Class3",57.645,56,"W",56.215,"R",65.979,85,NA
18.392,49,56.79,"Class3",61.96,56,"P",41.571,"S",65.233,92,NA
72.422,28,59.27,"Class2",62.545,26,"R",47.098,"M",54.3,53,33.908
21.565,78,42.108,"Class3",60.716,51,"P",63.783,"B",65.022,92,NA
28.979,69,96.867,"Class3",78.85,60,"P",55.772,"E",67.161,91,87.887
65.705,93,43.261,"Class1",51.182,40,"J",22.837,"T",27.629,62,46.636
30.028,51,85.086,"Class3",78.909,56,"U",25.43,"R",67.808,85,73.924
75.252,95,65.292,"Class1",44.489,93,"K",36.84,"L",30.528,61,56.57
56.471,94,56.489,"Class1",-15.9,84,"E",33.401,"C",20.804,64,54.052
70.109,32,64.906,"Class2",93.394,46,"U",47.193,"J",40.508,54,85.239
70.87,68,73.329,"Class2",59.346,35,"U",51.839,"F",72.904,70,72.378
72.199,72,66.624,"Class2",90.167,51,"C",38.048,"M",51.634,85,59.86
69.544,88,60.952,"Class1",40.355,76,"K",31.554,"O",22.483,59,40.791
75.529,44,64.848,"Class2",-4.717,49,"M",44.72,"E",40.517,89,79.218
62.78,92,55.782,"Class1",65.486,46,"P",41.828,"C",33.838,65,36.732
59.36,91,63.327,"Class1",71.461,36,"K",37.025,"L",29.214,54,53.687
71.354,90,39.11,"Class1",-5.645,90,"E",27.594,"R",22.195,54,84.771
73.06,72,67.302,"Class2",51.398,17,"U",46.509,"M",63.611,55,80.805
75.629,60,65.904,"Class2",48.824,38,"C",49.977,"M",65.748,85,72.146
18.353,67,53.961,"Class3",73.402,55,"F",53.263,"Q",65.725,85,74.857
24.401,74,75.654,"Class3",36.27,60,"W",54.686,"S",68.824,90,70.869
75.773,51,74.02,"Class2",11.705,31,"N",56.797,"E",65.726,46,28.263
29.464,61,51.775,"Class3",80.831,50,"P",47.46,"S",68.108,89,68.924
66.7,93,42.43,"Class1",4.045,98,"D",32.795,"C",27.751,64,91.924
17.696,74,21.421,"Class3",64.854,55,"P",99.618,"B",67.663,89,71.282
79.874,94,39.062,"Class1",32.956,33,"J",39.24,"C",32.875,62,19.696
74.13,36,55.173,"Class2",31.141,42,"N",51.525,"M",72.826,69,56.776
55.159,97,53.487,"Class1",23.818,93,"P",28.798,"T",36.901,55,22.576
71.54,92,59.474,"Class1",82.877,75,"J",21.51,"O",39.356,55,28.388
24.203,55,NA,"Class3",68.968,49,"F",51.326,"R",68.575,92,66.774
73.142,47,72.113,"Class2",37.58,18,"R",51.466,"V",48.159,73,64.326
70.592,93,NA,"Class1",35.113,92,"D",24.67,"T",37.939,65,49.131
18.586,65,6.128,"Class3",56.74,59,"F",45.102,"Q",68.183,91,85.226
68.654,85,33.805,"Class1",50.812,57,"D",21.213,"R",39.206,55,22.957
63.945,96,73.645,"Class1",29.042,42,"P",20.986,"L",25.062,50,90.136
78.515,97,59.647,"Class1",46.581,64,"K",25.015,"C",28.586,61,88.359
24.365,53,65.906,"Class3",60.883,60,"W",84.728,"B",67.254,92,95.467
70.556,34,72.68,"Class2",50.242,41,"N",43.48,"J",38.06,49,NA
72.622,76,61.213,"Class2",64.168,22,"R",48.795,"J",51.744,25,36.46
30.47,82,69.096,"Class3",63.494,50,"P",47.564,"E",65.345,84,83.693
23.088,80,56.304,"Class3",53.907,60,"H",49.973,"Q",68.881,90,66.486
25.386,55,92.029,"Class3",75.243,53,"H",43.726,"E",68.796,91,81.632
68.561,91,55.491,"Class1",35.289,64,"D",36.412,"R",31.901,65,38.721
27.532,83,25.324,"Class3",60.868,58,"F",83.374,"Q",68.824,93,94.18
74.245,65,61.472,"Class2",123.28,18,"C",48.335,"F",38.489,77,86.874
27.198,53,22.738,"Class3",79.279,55,"F",68.481,"B",67.238,87,91.672
74.873,43,62.816,"Class2",49.344,46,"R",37.301,"V",67.378,87,32.913
72.849,27,71.178,"Class2",37.498,40,"U",45.249,"E",37.489,34,23.456
73.135,48,65.901,"Class2",54.93,52,"C",48.91,"J",67.543,87,63.253
29.219,63,38.346,"Class3",67.545,59,"P",105.905,"B",67.344,89,92.775
27.399,55,47.987,"Class3",70.731,60,"W",61.634,"R",66.086,90,78.062
28.083,76,60.612,"Class3",77.083,56,"U",71.486,"R",65.619,92,90.515
57.826,89,56.43,"Class1",52.899,86,"P",23.885,"L",23.733,53,71.512
77.733,93,42.955,"Class1",72.509,78,"P",27.768,"T",39.634,53,23.995
74.836,25,74.623,"Class2",5.731,28,"M",40.96,"J",62.128,59,56.628
65.58,94,54.456,"Class1",59.332,73,"K",14.447,"T",22.544,64,36.96
58.458,87,56.662,"Class1",30.78,61,"D",26.642,"T",24.859,58,86.34
74.545,86,50.899,"Class1",12.821,62,"D",28.297,"L",29.909,59,62.319
77.614,98,61.729,"Class1",45.732,43,"D",25.88,"L",29.674,63,66.441
73.274,46,67.312,"Class2",17.984,38,"C",50.513,"E",59.048,79,35.97
74.004,44,76.123,"Class2",22.548,47,"U",39.885,"F",46.358,76,30.891
23.552,49,48.574,"Class3",70.025,59,"H",64.089,"B",65.751,83,68.95
68.223,96,65.022,"Class1",2.386,40,"E",29.158,"O",29.027,58,59.334
69.949,85,54.431,"Class1",90.67,90,"E",37.239,"C",38.618,62,54.611
68.865,85,66.227,"Class1",37.88,60,"P",27.673,"R",30.358,56,48.185
29.336,63,66.536,"Class3",64.243,51,"W",89.837,"S",67.527,92,68.384
71.246,79,59.218,"Class2",93.499,18,"N",40.712,"E",68.678,75,43.797
31.281,61,49.284,"Class3",63.592,53,"U",39.551,"S",65.763,87,97.091
25.123,84,39.272,"Class3",69.478,57,"F",105.493,"Q",67.398,93,63.898
23.892,81,32.93,"Class3",71.009,58,"F",54.211,"R",68.262,88,71.272
66.434,88,61.135,"Class1",52.922,96,"E",30.364,"C",35.309,50,54.317
74.46,40,57.813,"Class2",58.621,29,"M",44.507,"E",39.959,19,29.894
24.288,47,40.108,"Class3",60.42,52,"F",86.335,"E",68.512,83,76.9
24.97,71,84.588,"Class3",52.205,51,"H",30.467,"R",68.261,91,93.202
67.6,91,49.531,"Class1",72.053,74,"P",44.873,"R",32.658,57,48.863
71.37,80,73.811,"Class2",77.151,27,"C",41.247,"J",41.919,42,28.408
67.641,94,36.792,"Class1",84.895,87,"E",19.3,"R",23.597,53,51.221
69.786,89,76.137,"Class1",29.787,57,"K",25.332,"O",36.972,64,33.119
71.721,62,72.661,"Class2",109.499,17,"C",50.826,"V",72.511,81,33.666
76.324,90,42.066,"Class1",60.183,50,"P",29.86,"L",37.829,57,42.526
69.842,58,NA,"Class2",76.148,29,"R",48.216,"M",61.837,32,NA
22.921,63,55.749,"Class3",71.497,58,"H",43.784,"B",67.657,88,89.284
62.732,98,61.564,"Class1",31.792,46,"E",22.36,"T",20.453,59,15.265
72.624,95,56.379,"Class1",13.694,39,"K",7.616,"T",20.266,65,52.128
74.993,76,66.838,"Class2",52.777,23,"U",44.153,"E",48.139,89,NA
74.541,40,67.627,"Class2",47.633,38,"N",52.841,"J",67.488,56,48.396
32.267,64,50.504,"Class3",70.964,54,"U",55.415,"Q",67.689,86,89.159
75.778,75,66.559,"Class2",33.769,44,"C",43.913,"E",59.83,34,NA
28.027,70,51.25,"Class3",65.095,52,"H",74.096,"S",65.336,90,75.849
27.839,66,74.519,"Class3",61.229,59,"F",51.352,"B",65.93,91,74.677
60.95,88,24.168,"Class1",44.092,47,"J",28.743,"O",32.508,60,55.339
30.095,83,67.282,"Class3",80.007,59,"W",58.984,"E",67.393,86,82.375
62.632,93,50.994,"Class1",21.051,51,"P",26.053,"T",36.029,55,49.474
71.183,42,66.008,"Class2",25.517,39,"U",50.209,"E",39.315,81,73.989
73.39,92,NA,"Class1",57.978,94,"E",28.656,"O",24.436,65,15.828
74.979,94,NA,"Class1",62.972,85,"D",31.736,"T",36.729,54,82.899
56.584,87,50.44,"Class1",24.315,68,"P",26.388,"O",28.878,50,69.831
72.604,56,69.101,"Class2",95.503,30,"M",36.168,"F",59.967,33,66.063
71.831,88,65.126,"Class1",85.133,81,"E",28.463,"L",24.641,55,66.565
72.939,98,NA,"Class1",34.506,44,"K",38.014,"R",29.471,59,53.963
75.548,95,83.299,"Class1",37.888,41,"J",19.503,"L",28.232,61,37.224
78.634,91,53.687,"Class1",33.469,67,"D",32.322,"T",39.856,59,45.936
31.093,80,34.665,"Class3",66.973,60,"H",56.669,"B",67.385,92,72.562
21.111,55,32.988,"Class3",76.722,49,"W",81.81,"S",65.955,84,66.464
67.65,94,53.439,"Class1",115.797,57,"J",25.395,"O",29.404,55,24.028
71.559,98,46.508,"Class1",43.775,80,"E",35.996,"C",23.563,60,89.848
75.746,61,67.76,"Class2",49.11,23,"U",37.603,"F",59.377,87,84.524
69.043,52,64.726,"Class2",30.359,23,"U",45.481,"M",41.119,77,24.76
70.23,61,67.453,"Class2",81.856,29,"R",47.033,"V",47.84,73,47.686
69.079,71,57.486,"Class2",32.761,23,"N",47.804,"V",55.441,77,55.664
69.354,45,66.482,"Class2",78.257,52,"C",41.712,"J",53.676,43,86.132
76.684,86,73.668,"Class1",28.933,90,"E",29.204,"L",38.696,50,23.393
75.6,47,71.27,"Class2",49.234,25,"C",36.49,"E",63.14,21,31.433
71.87,67,68.545,"Class2",96.784,31,"C",42.623,"M",64.691,37,56.932
71.272,43,66.02,"Class2",17.894,43,"R",50.075,"M",54.103,44,68.954
28.739,60,65.651,"Class3",61.673,55,"P",116.046,"Q",67.811,86,84.535
69.317,94,53.524,"Class1",59.728,97,"K",34.652,"O",22.129,52,80.502
57.084,98,55.5,"Class1",39.179,64,"D",33.227,"L",27.58,55,86.044
25.209,81,58.343,"Class3",73.48,60,"H",59.15,"S",67.549,91,79.996
32.94,47,56.825,"Class3",44.493,60,"H",61.666,"R",67.433,86,85.687
18.825,79,46.515,"Class3",49.676,51,"W",60.799,"B",65.909,84,88.257
32.661,74,55.04,"Class3",67.834,50,"F",57.691,"E",67.483,88,71.566
70.884,33,73.696,"Class2",41.58,24,"N",42.811,"V",63.178,77,79.955
78.775,86,46.1,"Class1",15.943,92,"P",35.632,"C",29.972,60,18.18
28.855,54,53.772,"Class3",50.786,53,"W",50.729,"R",68.73,90,64.315
31.43,58,63.622,"Class3",64.94,58,"H",76.853,"R",68.427,84,83.973
64.895,98,55.394,"Class1",34.58,42,"K",26.337,"O",29.228,55,56.716
70.186,93,45.229,"Class1",89.615,57,"K",37.493,"T",27.038,53,31.326
19.42,64,NA,"Class3",80.871,57,"H",57.691,"Q",67.765,83,79.027
21.813,59,74.579,"Class3",72.936,51,"U",52.438,"E",68.327,85,92.036
62.963,89,45.019,"Class1",-14.676,66,"D",18.464,"O",37.959,52,51.419
65.315,97,58.688,"Class1",-22.427,42,"P",23.407,"O",31.097,53,78.371
62.362,96,55.742,"Class1",75.437,55,"P",23.235,"L",36.655,65,84.969
76.997,93,55.204,"Class1",29.741,69,"E",29.652,"O",37.821,60,55.902
28.119,78,41.909,"Class3",64.871,59,"F",35.99,"B",65.823,89,69.362
60.525,88,65.026,"Class1",39.065,77,"J",29.168,"R",28.614,52,73.918
73.981,38,64.924,"Class2",18.381,50,"R",57.78,"F",48.487,83,63.029
70.238,30,64.412,"Class2",58.469,28,"U",47.41,"V",43.073,42,37.565
74.276,41,56.419,"Class2",31.921,21,"M",39.855,"J",54.448,69,63.01
72.067,80,58.866,"Class2",20.962,27,"N",50.443,"E",66.393,78,43.947
21.644,83,42.842,"Class3",74.186,58,"H",63.474,"E",66.012,85,69.555
66.147,86,74.227,"Class1",49.501,79,"E",25.693,"O",20.082,56,31.162
23.947,60,43.483,"Class3",72.941,54,"H",76.836,"R",66.267,89,79.212
34.593,59,40.637,"Class3",74.657,59,"U",97.228,"S",65.241,85,90.941
21.796,70,40.323,"Class3",71.362,51,"F",53.433,"B",68.807,87,65.471
79.095,92,57.882,"Class1",50.264,90,"E",26.63,"C",37.592,51,79.999
58.472,85,56.264,"Class1",19.332,71,"D",29.793,"T",26.947,65,91.033
27.868,53,53.37,"Class3",69.947,53,"F",43.813,"Q",68.94,88,75.738
71.282,34,66.401,"Class2",40.478,19,"C",55.775,"J",50.301,56,50.142
58.705,87,54.307,"Class1",70.206,40,"E",31.797,"L",25.626,52,40.473
74.492,62,62.455,"Class2",64.319,43,"C",41.581,"E",70.358,53,61.961
33.161,79,36.961,"Class3",74.589,49,"U",62.84,"R",68.799,83,79.438
56.15,93,48.965,"Class1",44.32,82,"D",26.11,"C",35.157,52,17.986
79.632,87,55.921,"Class1",71.055,70,"P",23.005,"O",36.2,59,79.201
20.17,49,48.156,"Class3",64.519,55,"F",52.336,"B",65.577,91,65.519
70.264,98,56.567,"Class1",27.448,68,"J",27.555,"R",37.376,50,27.024
67.662,97,53.685,"Class1",23.262,42,"E",30.918,"T",30.869,55,38.829
62.905,86,73.577,"Class1",46.235,94,"D",25.859,"O",34.501,62,37.202
72.702,66,67.261,"Class2",77.445,45,"N",41.944,"E",66.945,73,70.889
26.046,60,27.631,"Class3",58.194,54,"W",66.42,"Q",65.762,88,83.414
28.647,79,32.125,"Class3",69.078,58,"F",75.266,"S",68.089,85,97.394
23.69,55,0.716,"Class3",63.63,50,"W",82.256,"S",65.693,85,87.133
75.309,74,58.164,"Class2",76.506,39,"M",37.023,"J",68.878,42,66.549
60.613,86,25.407,"Class1",84.754,94,"E",27.119,"R",27.375,63,85.712
72.822,96,52.119,"Class1",80.921,59,"E",27.095,"O",31.948,64,29.281
21.599,83,52.954,"Class3",88.448,52,"P",90.777,"R",65.893,88,65.026
76.83,94,47.35,"Class1",46.027,40,"E",35.091,"T",39.541,59,14.63
78.596,88,52.991,"Class1",90.329,58,"K",20.614,"O",21.976,56,32.313
74.762,34,70.338,"Class2",64.884,46,"C",42.394,"J",63.94,42,78.118
64.496,95,59.123,"Class1",49.916,36,"D",30.852,"C",20.724,61,47.389
72.723,32,73.251,"Class2",62.664,24,"M",57.058,"M",70.865,48,32.813
69.778,36,62.126,"Class2",-11.104,24,"N",48.045,"V",64.234,89,59.234
71.435,80,64.807,"Class2",35.909,48,"M",56.644,"E",71.369,61,30.322
58.403,90,76.493,"Class1",67.6,78,"E",22.648,"L",39.32,62,NA
20.531,79,44.503,"Class3",52.036,49,"U",76.975,"B",66.233,87,67.477
74.461,36,76.753,"Class2",54.966,22,"N",50.41,"J",71.065,80,36.581
59.9,89,46.625,"Class1",43.914,43,"P",27.409,"O",39.65,52,NA
28.858,82,20.456,"Class3",66.19,55,"H",59.842,"Q",67.199,85,97.882
70.224,85,73.61,"Class1",77.166,42,"D",29.473,"L",30.162,50,87.711
61.438,90,58.965,"Class1",-14.797,43,"J",26.159,"R",29.709,65,32.995
28.274,78,80.041,"Class3",63.378,59,"U",42.042,"S",65.694,92,71.065
76.137,98,42.043,"Class1",64.123,83,"D",20.222,"O",35.335,58,21.408
73.418,66,71.245,"Class2",30.522,39,"M",49.603,"F",54.735,34,39.541
27.546,69,NA,"Class3",79.085,53,"P",13.512,"E",66.874,87,74.773
64.824,87,47.848,"Class1",61.379,45,"E",36.55,"T",32.288,53,78.19
71.908,62,70.87,"Class2",10.591,41,"M",49.854,"J",72.399,79,71.415
65.334,91,66.457,"Class1",45.356,33,"E",29.586,"T",24.616,51,32.928
67.323,89,68.528,"Class1",52.38,36,"J",22.912,"L",22.569,55,27.276
73.575,71,63.966,"Class2",43.895,23,"M",44.908,"E",60.113,37,58.603
70.068,61,69.847,"Class2",49.831,24,"U",48.483,"E",40.615,21,56.685
28.228,70,28.843,"Class3",73.759,53,"U",56.272,"Q",66.987,90,90.618
69.713,37,69.391,"Class2",90.476,17,"M",42.592,"M",59.927,28,79.255
71.753,63,NA,"Class2",105.81,23,"C",61.85,"F",68.979,79,86.877
56.628,90,72.642,"Class1",103.105,94,"D",35.179,"T",28.099,55,16.352
61.208,91,NA,"Class1",67.537,82,"D",26.652,"R",34.167,50,19.548
28.316,70,66.39,"Class3",67.597,50,"P",57.821,"E",67.139,88,69.016
31.018,73,82.169,"Class3",68.625,49,"H",66.647,"E",68.427,93,87.531
25.228,68,59.649,"Class3",64.131,52,"W",67.531,"E",66.039,89,87.63
75.42,42,60.646,"Class2",-24.077,42,"C",47.116,"F",74.88,60,24.288
79.079,88,48.846,"Class1",53.372,65,"D",26.979,"C",31.429,57,20.952
73.312,55,62.134,"Class2",-2.449,30,"C",52.188,"V",66.089,39,76.253
70.811,41,NA,"Class2",-5.909,36,"N",42.743,"V",45.818,77,54.554
72.532,47,67.625,"Class2",24.667,43,"C",45.698,"E",59.611,69,61.552
67.684,94,67.507,"Class1",48.055,98,"P",25.734,"C",37.544,57,30.772
56.423,93,83.463,"Class1",69.506,49,"K",36.334,"T",27.387,59,23.582
71.43,96,43.707,"Class1",50.998,34,"E",35.028,"C",27.117,62,68.276
71.37,34,65.87,"Class2",79.931,26,"M",42.467,"F",44.888,68,31.172
29.244,51,44.405,"Class3",60.027,57,"F",49.57,"E",68.051,87,76.766
69.544,29,68.871,"Class2",58.614,29,"M",44.459,"F",57.499,32,36.745
60.412,88,49.551,"Class1",2.671,95,"K",40.073,"C",36.744,62,87.073
29.257,50,101.263,"Class3",74.576,49,"F",70.207,"S",67.02,87,85.155
17.597,60,25.995,"Class3",74.073,49,"H",92.505,"Q",66.273,90,81.604
24.896,66,38.774,"Class3",57.749,59,"H",109.499,"B",68.152,83,91.243
71.032,45,66.734,"Class2",84.91,24,"C",44.46,"M",52.601,27,21.175
71.849,52,73.263,"Class2",83.025,19,"R",39.867,"M",50.057,46,88.207
60.62,93,NA,"Class1",90.776,54,"D",37.493,"R",23.642,57,65.823
79.513,89,51.579,"Class1",47.359,59,"E",27.989,"C",37.853,60,26.253
22.549,53,64.031,"Class3",63.354,55,"W",81.109,"B",67.196,84,75.934
71.237,71,62.47,"Class2",24.028,26,"C",57.037,"M",41.595,49,53.316
72.274,30,67.245,"Class2",44.093,48,"U",41.919,"M",67.331,30,74.493
33.142,84,40.569,"Class3",73.28,52,"H",79.543,"R",66.164,89,83.909
71.756,88,68.981,"Class1",51.571,47,"K",24.517,"R",39.921,61,53.075
20.631,73,66.035,"Class3",65.75,52,"F",84.604,"S",65.561,90,85.291
66.741,93,63.283,"Class1",50.172,83,"P",29.972,"R",22.54,57,26.089
74.383,33,62.487,"Class2",82.496,47,"U",45.853,"M",46.456,78,NA
20.661,83,40.436,"Class3",80.251,51,"F",81.328,"S",68.475,93,97.494
29.371,72,59.52,"Class3",78.168,49,"F",69.418,"B",65.558,84,75.638
22.157,52,NA,"Class3",66.096,49,"F",84.514,"E",66.838,87,NA
17.621,54,15.29,"Class3",66.864,50,"H",36.593,"Q",68.391,84,89.553
75.106,67,68.549,"Class2",31.502,25,"U",39.029,"V",66.878,22,74.704
73.774,59,62.416,"Class2",32.118,34,"N",46.682,"V",51.907,48,77.616
29.555,67,31.233,"Class3",80.973,54,"H",96.904,"R",66.968,88,76.565
32.528,58,25.457,"Class3",76.973,59,"U",59.101,"E",65.566,83,71.125
64.136,93,57.547,"Class1",51.647,56,"D",35.868,"L",21.023,52,68.216
71.463,78,71.006,"Class2",20.579,36,"R",44.574,"F",45.558,65,77.935
74.163,76,60.42,"Class2",19.948,40,"N",47.684,"V",73.818,83,56.259
18.264,48,61.233,"Class3",75.715,59,"W",65.018,"B",66.972,86,83.491
69.332,67,67.036,"Class2",40.403,22,"R",43.537,"M",50.79,55,54.471
75.799,76,69.025,"Class2",51.698,47,"U",41.488,"V",73.612,55,74.339
74.685,87,46.038,"Class1",59.547,51,"K",27.866,"C",24.412,65,77.436
74.644,95,64.196,"Class1",67.488,38,"D",28.416,"L",32.433,63,34.978
75.08,80,70.794,"Class2",20.789,39,"C",44.329,"F",40.717,43,23.401
29.945,69,51.623,"Class3",55.758,54,"P",49.06,"R",66.513,83,76.703
63.285,92,NA,"Class1",83.504,44,"P",29.366,"L",30.356,57,41.763
70.684,30,60.597,"Class2",26.575,33,"N",51.784,"J",74.821,57,87.641
31.762,71,23.84,"Class3",63.153,58,"W",83.507,"S",66.218,91,86.344
32.073,52,48.336,"Class3",69.981,55,"F",67.988,"B",66.735,85,73.325
75.508,85,49.162,"Class1",33.069,66,"P",23.795,"O",29.002,65,90.031
74.769,74,56.745,"Class2",51.132,42,"R",43.011,"E",46.854,42,74.291
73.581,44,66.465,"Class2",56.218,30,"C",52.537,"E",45.185,78,39.237
72.581,33,67.699,"Class2",80.8,42,"C",51.11,"M",42.768,60,25.799
77.279,89,49.453,"Class1",69.005,90,"K",29.297,"O",34.018,54,67.31
71.03,92,43.891,"Class1",35.373,62,"J",19.22,"L",27.64,58,49.66
57.633,95,50.824,"Class1",90.485,49,"P",27.106,"T",23.365,65,47.063
24.14,55,39.38,"Class3",60.919,53,"F",69.237,"B",68.051,88,78.69
21.446,50,74.662,"Class3",52.226,54,"P",71.217,"R",66.643,88,95.819
33.856,81,78.437,"Class3",72.14,60,"U",76.917,"B",66.663,92,75.136
72.806,76,63.482,"Class2",59.601,45,"U",43.481,"F",41.193,31,73.573
32.584,52,71.781,"Class3",60.549,58,"W",49.677,"S",66.491,92,69.282
28.703,68,68.009,"Class3",65.797,59,"W",72.169,"Q",65.827,91,97.62
67.4,89,54.08,"Class1",73.492,45,"K",23.475,"O",35.546,62,56.856
62.601,89,46.156,"Class1",32.085,87,"K",30.009,"L",21.255,56,24.979
27.844,65,30.896,"Class3",61.224,52,"P",59.465,"E",67.919,87,NA
70.407,29,68.873,"Class2",30.907,44,"C",52.079,"F",59.83,37,72.533
70.783,86,53.261,"Class1",54.809,39,"J",26.546,"L",20.536,54,17.69
27.821,62,71.356,"Class3",70.48,55,"P",88.838,"E",66.724,92,72.842
22.029,63,45.749,"Class3",69.634,60,"U",67.375,"E",67.462,86,NA
26.791,54,66.209,"Class3",63.561,56,"F",82.638,"S",66.103,89,96.166
17.63,57,NA,"Class3",58.759,55,"W",60.8,"E",66.019,93,73.992
28.893,49,47.679,"Class3",67.646,54,"P",79.753,"R",66.657,90,84.38
74.289,98,73.427,"Class1",66.099,97,"E",26.73,"C",20.302,54,91.939
75.591,47,66.957,"Class2",67.124,50,"C",43.335,"E",46.717,51,72.27
70.487,71,72.47,"Class2",65.171,27,"C",41.253,"M",37.029,27,65.281
74.623,69,57.191,"Class2",95.42,21,"U",44.79,"M",65.92,80,56.539
21.889,62,75.488,"Class3",58.399,49,"U",53.263,"B",66.943,87,73.413
67.403,93,59.031,"Class1",43.065,49,"E",20.579,"O",24.251,52,42.931
72.697,63,66.179,"Class2",38.266,20,"U",49.663,"E",63.296,36,71.816
72.171,96,66.36,"Class1",20.069,68,"P",30.624,"O",28.071,58,20.158
26.901,59,NA,"Class3",72.513,59,"F",64.093,"R",65.311,93,82.47
27.448,73,66.611,"Class3",71.516,55,"W",66.533,"Q",65.052,83,82.65
70.717,58,69.286,"Class2",33.189,30,"N",31.169,"J",52.236,90,86.064
22.952,60,51.732,"Class3",75.14,57,"W",52.705,"B",67.094,93,78.683
73.923,47,67.458,"Class2",27.149,51,"U",44.862,"V",47.073,24,55.609
75.608,48,60.656,"Class2",-15.738,36,"R",44.847,"J",71.024,82,NA
73.422,37,68.1,"Class2",20.416,38,"M",42.563,"F",68.854,46,39.711
75.3,92,55.611,"Class1",42.533,58,"P",27.979,"T",21.832,52,39.313
31.657,69,71.209,"Class3",62.572,51,"W",63.527,"B",67.081,85,71.389
25.046,73,58.36,"Class3",64.09,55,"W",34.578,"S",65.059,91,78.022
20.223,68,66.466,"Class3",61.584,59,"U",76.612,"R",68.804,93,85.369
18.054,68,44.247,"Class3",53.184,58,"P",59.223,"S",67.234,89,94.878
31.44,72,69.415,"Class3",50.368,50,"U",95.289,"S",65.095,91,77.716
24.156,76,26.753,"Class3",73.134,59,"U",57.736,"S",67.76,83,97.162
55.894,94,61.865,"Class1",63.846,82,"D",25.672,"O",21.522,65,41.22
26.172,71,79.331,"Class3",64.888,54,"W",68.843,"Q",67.855,85,82.925
70.721,49,61.641,"Class2",-4.042,28,"N",42.873,"M",44.636,76,82.866
73.485,32,67.516,"Class2",16.562,37,"U",38.909,"J",37.703,43,84.036
62.239,97,56.935,"Class1",30.799,91,"P",32.302,"O",37.192,55,74.908
64.096,90,48.011,"Class1",83.412,34,"P",34.453,"R",33.658,55,16.181
23.766,72,38.091,"Class3",72.998,58,"U",94.49,"S",67.532,88,81.636
72.037,54,63.231,"Class2",30.02,46,"U",59.807,"F",39.804,61,41.295
69.021,28,47.898,"Class2",50.05,37,"N",47.362,"F",46.63,51,56.703
72.816,29,64.173,"Class2",25.992,29,"R",46.974,"M",56.804,71,88.362
60.664,90,60.666,"Class1",28.684,47,"J",29.584,"T",32.099,62,25.422
67.445,95,58.979,"Class1",72.035,95,"E",27.453,"T",30.764,58,52.972
77.694,97,41.415,"Class1",84.268,67,"P",27.731,"R",24.664,61,22.948
72.923,68,68.227,"Class2",32.359,34,"N",54.274,"V",47.266,76,53.15
73.693,28,63.257,"Class2",81.573,51,"M",57.778,"J",57.355,77,NA
74.617,41,60.867,"Class2",52.862,37,"C",41.873,"F",45.987,25,22.878
17.567,66,65.984,"Class3",58.829,55,"U",50.088,"Q",68.393,86,72.007
75.824,40,73.288,"Class2",43.163,49,"N",32.959,"E",41.473,62,84.833
26.476,47,63.113,"Class3",66.649,49,"U",51.252,"B",65.418,89,85.146
71.944,85,60.057,"Class1",68.879,82,"J",24.7,"L",27.237,65,81.05
56.588,92,72.094,"Class1",128.35,81,"D",24.531,"T",32.311,64,65.77
64.003,90,68.581,"Class1",43.903,85,"J",28.424,"O",35.295,63,81.871
69.113,44,64.455,"Class2",62.755,34,"C",37.616,"M",51.844,45,60.747
27.574,53,39.437,"Class3",67.415,49,"W",27.879,"B",67.933,91,72.222
73.7,80,67.659,"Class2",61.248,26,"N",52.198,"E",41.987,28,75.956
31.822,53,NA,"Class3",70.465,54,"H",46.237,"Q",66.683,87,71.328
74.055,39,72.688,"Class2",42.745,22,"M",46.652,"F",46.578,29,60.987
75.126,87,63.627,"Class1",4.28,83,"P",31.483,"O",31.377,53,56.813
26.457,63,61.526,"Class3",57.888,57,"W",103.085,"Q",66.807,86,97.303
26.705,76,55.269,"Class3",53.933,58,"U",102.826,"S",65.862,91,88.351
29.269,53,39.928,"Class3",70.543,60,"W",67.884,"S",67.599,92,83.151
72.763,87,48.328,"Class1",25.239,71,"E",31.831,"O",34.99,55,71.089
56.103,90,37.042,"Class1",115.903,91,"E",31.831,"O",26.315,50,39.072
74.459,40,NA,"Class2",84.011,31,"C",40.415,"E",42.921,59,80.139
24.197,59,42.997,"Class3",59.582,49,"W",111.151,"B",68.597,93,75.593
76.456,95,57.267,"Class1",40.62,66,"K",27.947,"C",37.023,50,75.17
70.773,61,61.812,"Class2",65.568,32,"N",57.851,"M",60.694,19,NA
32.681,70,59.77,"Class3",76.318,60,"W",78.292,"Q",67.713,88,NA
24.699,50,62.224,"Class3",74.742,53,"H",70.586,"Q",66.28,90,86.364
71.351,52,61.276,"Class2",80.067,34,"C",58.435,"M",69.541,33,28.173
32.085,80,42.223,"Class3",72.162,58,"W",49.754,"R",66.51,85,63.551
75.411,88,37.627,"Class1",72.71,36,"E",28.284,"C",23.276,52,53.98
69.237,69,60.341,"Class2",27.975,39,"C",44.858,"J",61.874,89,80.869
73.949,27,73.266,"Class2",5.957,27,"C",46.717,"F",52.666,46,25.097
58.642,87,NA,"Class1",48.325,45,"E",22.265,"T",30.864,52,77.4
69.013,96,39.446,"Class1",49.514,43,"J",22.53,"R",35.943,50,42.483
69.767,42,69.454,"Class2",52.737,45,"R",55.393,"J",38.554,64,43.866
74.797,57,62.107,"Class2",33.508,51,"M",46.876,"J",47.203,68,86.457
65.607,92,35.123,"Class1",72.952,84,"P",42.31,"O",23.45,51,47.823
24.749,77,33.967,"Class3",50.068,58,"U",63.697,"E",66.573,86,89.502
32.618,60,28.809,"Class3",75.856,60,"U",72.855,"E",65.887,93,NA
63.133,90,44.668,"Class1",38.328,78,"E",35.115,"L",30.686,63,67.784
71.993,91,57.224,"Class1",94.153,42,"J",28.582,"O",27.875,62,66.515
74.891,38,60.001,"Class2",78.204,37,"R",49.848,"E",42.678,79,56.482
32.535,55,56.232,"Class3",66.82,59,"P",60.837,"Q",67.628,86,69.861
23.162,72,46.541,"Class3",60.097,55,"U",55.124,"R",66.283,88,97.712
72.674,54,66.201,"Class2",72.236,38,"N",44.825,"J",39.956,82,66.324
22.509,66,40.91,"Class3",52.411,49,"P",27.814,"B",68.39,83,96.911
69.789,35,70.812,"Class2",74.673,25,"M",44.21,"F",63.525,35,NA
75.353,86,57.908,"Class1",46.228,45,"P",34.116,"O",29.539,53,91.974
54.104,96,71.756,"Class1",62.994,34,"D",25.868,"C",23.541,62,37.619
69.868,68,73.447,"Class2",5.951,50,"M",55.857,"V",69.973,33,54.016
72.093,69,66.021,"Class2",26.573,22,"M",45.349,"E",57.135,61,56.991
29.158,80,37.798,"Class3",71.871,55,"W",52.941,"S",65.739,85,76.793
23.447,62,66.367,"Class3",59.847,59,"H",48.224,"S",67.777,89,64.891
55.928,91,75.605,"Class1",25.92,96,"J",32.354,"L",22.122,59,91.182
75.995,41,65.396,"Class2",52.824,50,"N",36.613,"V",68.365,66,52.126
28.429,83,23.367,"Class3",62.956,57,"U",56.329,"R",65.511,93,67.426
34.756,75,64.818,"Class3",60.729,49,"U",54.574,"B",68.295,90,88.028
75.558,91,70.879,"Class1",56.115,55,"E",28.509,"T",20.861,56,30.224
73.727,38,60.998,"Class2",45.301,24,"C",49.608,"M",41.944,75,76.059
59.851,92,58.923,"Class1",67.706,77,"K",35.773,"R",35.972,51,33.593
23.58,62,56.349,"Class3",74.274,53,"U",75.174,"S",67.861,84,82.735
79.671,85,81.498,"Class1",74.385,47,"J",25.311,"T",38.697,62,80.914
69.907,75,69.952,"Class2",62.225,29,"C",46.046,"F",47.349,41,82.446
54.588,89,34.097,"Class1",64.096,49,"E",13.657,"C",20.4,55,22.498
21.22,58,64.922,"Class3",65.528,51,"P",88.028,"B",67.971,92,69.763
62.804,97,58.263,"Class1",61.783,88,"K",35.733,"C",21.714,53,25.289
70.446,70,68.521,"Class2",23.493,25,"M",54.091,"M",68.686,41,51.937
20.409,53,64.466,"Class3",73.952,49,"U",91.096,"R",68.566,89,86.151
17.709,47,28.037,"Class3",71.485,52,"H",44.606,"B",65.443,92,74.166
34.619,55,5.775,"Class3",80.801,50,"H",69.671,"Q",66.17,87,72.707
69.176,97,56.788,"Class1",11.485,41,"J",28.344,"R",28.361,51,26.801
69.195,26,60.374,"Class2",115.2,48,"M",40.819,"J",46.816,73,39.099
64.705,95,36.649,"Class1",65.636,46,"K",34.943,"O",35.023,65,46.007
79.742,96,45.796,"Class1",88.011,86,"P",23.253,"C",24.13,65,86.354
74.708,61,63.929,"Class2",74.108,23,"C",57.699,"F",60.184,55,25.415
72.103,67,68.454,"Class2",110.945,28,"M",47.541,"V",55.948,68,79.299
70.809,58,63.635,"Class2",53.337,33,"N",47.448,"V",65.208,90,23.295
56.398,90,83.283,"Class1",78.599,51,"J",33.58,"C",32.531,53,67.297
78.483,85,62.954,"Class1",10.496,80,"E",33.55,"L",35.807,55,66.503
18.736,70,45.297,"Class3",64.739,55,"U",76.134,"S",66.067,84,NA
31.601,61,64.721,"Class3",73.723,53,"U",71.401,"E",65.919,84,92.904
19.691,62,52.897,"Class3",81.828,59,"W",104.646,"S",68.447,83,79.03
66.76,88,48.673,"Class1",75.67,89,"J",32.315,"R",24.498,62,90.974
26.708,60,59.968,"Class3",72.931,53,"P",74.198,"E",66.581,85,87.941
18.816,74,37.58,"Class3",77.37,50,"H",20.98,"E",68.703,92,97.468
74.056,60,70.908,"Class2",76.122,18,"R",44.186,"E",63.863,31,67.238
75.76,47,74.13,"Class2",69.073,27,"C",47.044,"F",56.628,79,79.123
24.978,74,30.409,"Class3",67.792,59,"W",29.629,"B",65.058,85,90.118
29.002,78,47.748,"Class3",68.32,55,"W",81.721,"Q",66.554,86,79.484
71.938,36,65.243,"Class2",24.343,25,"M",47.798,"M",67.197,59,79.809
19.336,76,25.685,"Class3",64.279,59,"W",62.884,"R",65.719,91,90.036
25.044,64,51.659,"Class3",57.293,58,"P",93.175,"B",65.875,88,86.659
26.873,78,2.835,"Class3",49.869,51,"F",72.98,"R",68.153,83,71.866
67.392,97,53.957,"Class1",17.602,51,"K",31.063,"R",20.699,59,26.657
69.808,70,58.155,"Class2",52.177,39,"U",50.488,"J",69.313,50,60.026
72.904,91,21.93,"Class1",57.194,93,"K",25.589,"O",39.373,57,73.448
61.645,94,55.928,"Class1",48.867,90,"K",31.799,"C",23.363,53,57.939
71.209,54,71.605,"Class2",55.548,38,"M",50.667,"M",68.745,21,60.425
57.012,98,40.348,"Class1",63.332,53,"E",23.762,"O",38.912,59,16.931
55.937,98,68.378,"Class1",52.967,87,"P",33.269,"L",38.306,59,90.484
28.471,55,13.743,"Class3",48.321,49,"U",74.237,"S",67.539,92,76.666
32.626,49,44.846,"Class3",66.323,60,"U",77.133,"E",65.236,93,91.344
25.963,72,54.661,"Class3",49.116,55,"P",53.766,"Q",66.896,83,74.782
70.308,80,74.261,"Class2",78.856,49,"C",45.517,"V",58.212,43,82.921
70.966,32,70.38,"Class2",68.449,52,"M",38.872,"J",72.587,31,89.013
67.802,91,60.566,"Class1",75.81,41,"K",25.629,"L",33.622,62,25.805
75.401,42,64.293,"Class2",-37.099,18,"U",40.548,"V",63.961,21,64.91
74.262,28,61.058,"Class2",57.388,34,"C",43.534,"V",63.494,39,65.456
66.351,87,39.171,"Class1",31.271,53,"J",30.53,"C",37.941,60,32.41
69.218,24,64.633,"Class2",33.671,30,"R",46.56,"V",62.537,45,38.908
20.802,64,75.689,"Class3",53.817,55,"W",83.08,"B",66.234,90,86.05
69.001,54,64.066,"Class2",45.337,20,"N",56.534,"E",43.192,56,68.608
28.963,52,65.62,"Class3",58.388,52,"H",66.788,"S",67.71,85,67.258
73.144,87,NA,"Class1",20.719,52,"D",43.733,"L",21.867,57,22.611
33.441,66,62.159,"Class3",51.613,60,"W",59.957,"Q",66.707,93,77.077
73.878,48,73.248,"Class2",-12.247,23,"M",53.921,"M",60.632,90,47.469
79.56,94,NA,"Class1",61.607,81,"P",24.54,"C",39.848,57,35.414
29.284,55,68.323,"Class3",65.2,60,"W",45.59,"S",66.362,88,89.323
71.317,78,64.855,"Class2",76.27,37,"R",39.591,"F",37.07,26,38.548
74.705,73,65.674,"Class2",62.107,40,"N",43.543,"F",43.402,75,87.491
58.617,96,35.743,"Class1",78.503,87,"K",24.982,"O",20.725,50,79.875
72.714,27,65.364,"Class2",89.496,33,"U",61.816,"J",39.502,59,NA
64.645,88,62.288,"Class1",46.566,37,"P",30.571,"L",36.075,53,62.913
29.55,75,47.915,"Class3",69.358,55,"W",55.484,"S",68.882,84,73.355
19.032,53,56.298,"Class3",65.991,52,"H",66.289,"S",67.043,86,64.982
63.794,85,54.384,"Class1",78.708,41,"E",31.601,"R",34.739,59,79.166
31.246,72,51.891,"Class3",75.41,57,"W",40.067,"R",65.496,86,71.382
71.523,28,59.587,"Class2",0.436,45,"R",46.503,"E",59.609,42,89.531
22.48,76,66.922,"Class3",77.456,51,"H",67.526,"B",67.641,87,75.471
69.639,32,65.901,"Class2",27.082,21,"C",55.776,"V",41.048,73,49.657
62.821,98,86.22,"Class1",88.818,73,"E",35.155,"L",21.298,56,35.083
18.475,63,2.195,"Class3",67.736,59,"P",84.72,"R",68.507,93,63.325
68.487,94,70.927,"Class1",35.468,70,"D",33.291,"O",30.415,55,53.035
28.428,70,27.909,"Class3",72.499,56,"P",66.493,"R",66.875,90,85.004
28.997,71,82.958,"Class3",85.939,60,"U",85.06,"E",65.476,87,82.766
69.995,93,35.256,"Class1",75.432,37,"J",31.056,"R",23.428,53,43.179
23.143,70,53.146,"Class3",77.485,57,"H",71.716,"R",66.583,88,77.336
70.576,41,65.18,"Class2",53.514,17,"C",43.792,"V",41.72,75,40.471
58.074,91,65.867,"Class1",56.234,36,"J",24.018,"O",31.93,54,43.811
59.811,93,47.235,"Class1",69.662,73,"E",32.827,"R",28.952,51,90.968
17.082,53,45.994,"Class3",58.412,58,"H",66.64,"Q",67.703,85,68.455
72.67,33,63.959,"Class2",86.041,48,"R",57.015,"E",63.653,60,49.963
19.688,52,46.357,"Class3",54.826,58,"H",80.777,"R",67.822,91,85.758
72.556,42,68.31,"Class2",10.81,44,"C",41.329,"E",70.03,24,NA
69.555,33,69.391,"Class2",44.898,44,"M",31.855,"E",42.455,36,27.204
73.782,75,70.867,"Class2",7.033,27,"C",51.58,"M",65.151,88,41.933
20.358,58,68.421,"Class3",73.98,59,"P",77.571,"E",66.486,93,76.201
67.871,87,57.765,"Class1",143.956,44,"E",31.08,"T",39.686,63,20.97
71.362,57,63.766,"Class2",12.318,22,"U",50.628,"V",55.912,32,49.12
60.125,94,44.519,"Class1",39.124,42,"P",24.764,"L",22.601,51,42.149
72.727,48,68.301,"Class2",57.591,52,"N",38.184,"V",58.56,66,83.085
76.391,88,56.598,"Class1",50.415,43,"D",28.656,"C",37.303,63,63.412
62.583,88,49.138,"Class1",85.445,35,"K",20.854,"T",24.24,60,76.83
57.969,96,92.274,"Class1",20.357,46,"E",30.062,"O",30.535,54,68.415
55.375,95,72.655,"Class1",73.463,87,"E",20.554,"O",38.583,55,46.11
25.859,73,NA,"Class3",61.666,49,"F",91.743,"Q",65.929,93,65.317
72.394,72,77.581,"Class2",131.088,38,"C",36.165,"M",72.057,27,47.737
27.423,54,21.225,"Class3",66.287,57,"H",31.461,"Q",65.22,91,87.229
71.511,77,66.734,"Class2",65.088,27,"R",35.057,"E",48.647,69,36.895
66.789,96,52.968,"Class1",69.126,86,"J",17.074,"O",32.924,63,79.836
62.382,92,44.917,"Class1",65.582,41,"E",23.407,"L",26.897,51,40.469
76.161,96,61.376,"Class1",41.13,98,"E",38.786,"O",28.688,50,24.201
70.472,67,70.865,"Class2",79.173,23,"M",45.508,"M",51.522,19,74.671
74.975,75,66.675,"Class2",-15.08,35,"M",49.874,"M",57.008,48,65.119
71.705,35,NA,"Class2",8.039,26,"U",46.043,"F",68.846,88,54.563
21.184,58,14.582,"Class3",59.088,58,"F",67.33,"S",67.542,91,90.611
26.02,77,63.399,"Class3",80.86,56,"P",67.212,"R",66.004,84,87.858
72.255,69,62.823,"Class2",66.648,25,"R",48.557,"J",37.032,79,43.403
69.278,97,35.793,"Class1",42.56,49,"K",28.376,"L",35.483,56,62.57
75.125,70,64.114,"Class2",53.977,50,"C",44.451,"F",69.233,21,40.032
59.484,86,59.889,"Class1",85.089,54,"D",29.698,"T",30.499,60,77.188
73.033,46,68.658,"Class2",-3.107,52,"R",48.412,"E",47.051,66,30.299
69.784,32,62.037,"Class2",49.669,25,"C",48.129,"F",63.541,69,80.326
78.908,98,85.277,"Class1",17.62,41,"J",32.879,"R",36.307,53,75.391
66.087,97,48.289,"Class1",71.01,52,"K",36.18,"L",29.533,60,45.26
62.824,89,57.818,"Class1",86.741,43,"P",27.527,"R",35.101,65,56.771
60.286,96,53.327,"Class1",63.731,52,"J",32.831,"T",31.966,53,58.689
72.904,85,37.673,"Class1",100.364,47,"D",32.716,"O",28.169,57,16.418
19.243,72,50.757,"Class3",60.636,51,"P",69.941,"R",66.743,87,64.504
73.126,48,63.896,"Class2",79.804,33,"N",42.988,"J",41.738,27,47.853
71.514,94,56.616,"Class1",50.353,64,"P",33.435,"C",26.96,61,64.104
75.17,70,59.419,"Class2",82.266,26,"N",49.361,"M",46.481,61,77.301
20.674,59,24.84,"Class3",66.673,50,"F",65.229,"B",66.819,87,91.896
31.8,68,67.878,"Class3",65.813,51,"F",84.158,"E",65.686,91,80.391
29.848,84,68.114,"Class3",63.382,56,"H",77.536,"B",66.169,84,79.579
73.786,49,74.085,"Class2",42.234,51,"M",54.39,"F",66.069,36,84.61
57.947,98,NA,"Class1",69.393,69,"D",44.499,"O",25.441,62,35.038
19.187,57,54.671,"Class3",50.589,52,"P",44.395,"B",67.165,86,69.638
75.806,53,73.167,"Class2",92.347,29,"N",40.27,"M",51.343,22,24.246
78.366,89,NA,"Class1",32.466,65,"J",22.971,"C",32.737,63,29.128
75.811,26,63.303,"Class2",15.962,18,"R",52.107,"J",62.239,66,56.707
63.429,88,50.821,"Class1",90.234,44,"J",38.013,"C",21.624,63,21.671
77.752,94,44.134,"Class1",69.332,94,"J",30.596,"T",34.717,55,31.467
75.139,73,72.206,"Class2",42.413,44,"N",48.613,"M",42.078,21,34.689
34.72,51,24.31,"Class3",58.529,56,"F",57.876,"B",66.551,87,81.888
56.711,96,43.526,"Class1",0.107,82,"K",30.833,"C",25.255,64,41.521
69.742,44,66.883,"Class2",49.232,32,"N",41.218,"M",66.204,77,54.014
65.123,94,55.285,"Class1",81.198,97,"K",29.106,"L",38.578,61,16.479
64.968,88,56.264,"Class1",25.843,37,"E",28.746,"R",21.379,55,73.897
74.3,38,67.866,"Class2",47.171,21,"N",45.126,"E",47.76,25,61.443
20.677,74,34.072,"Class3",65.079,51,"F",87.795,"B",66.893,85,63.701
22.566,84,72.218,"Class3",61.463,57,"P",79.507,"S",66.695,92,91.892
70.104,49,63.587,"Class2",77.685,30,"M",43.018,"J",60.207,56,87.17
72.234,39,72.811,"Class2",26.864,24,"C",42.736,"V",44.51,77,34.947
74.257,67,64.626,"Class2",95.689,50,"U",46.675,"J",54.601,75,89.047
72.374,29,73.74,"Class2",60.117,48,"M",49.73,"E",55.099,55,NA
26.741,60,NA,"Class3",55.952,57,"H",60.688,"Q",67.711,87,83.628
57.22,89,66.416,"Class1",25.364,34,"D",33.846,"L",24.364,53,45.885
71.569,61,64.935,"Class2",64.448,20,"N",41.954,"E",52.053,40,72.988
79.537,91,36.836,"Class1",32.709,52,"K",28.525,"C",33.276,56,74.026
19.439,77,48.281,"Class3",63.911,52,"F",112.419,"B",67.835,92,85.186
19.176,48,22.1,"Class3",61.418,50,"U",67.948,"E",67.321,89,76.024
75.309,50,68.28,"Class2",19.31,24,"M",37.246,"E",50.5,39,25.569
64.161,93,39.101,"Class1",49.651,53,"E",29.627,"C",39.886,61,NA
18.438,51,57.072,"Class3",64.411,53,"W",87.007,"S",67.523,88,64.379
69.892,45,63.007,"Class2",67.19,29,"M",43.543,"M",66.392,61,82.683
73.622,74,66.192,"Class2",19.001,44,"C",46.235,"M",62.522,74,22.57
69.092,65,70.829,"Class2",62.593,42,"M",54.011,"E",68.024,24,66.662
57.473,89,71.692,"Class1",55.343,68,"J",35.969,"L",25.11,64,46.622
57.1,95,85.325,"Class1",59.358,96,"E",24.682,"C",35.448,60,26.801
58.089,89,59.364,"Class1",42.129,61,"D",16.735,"T",38.168,54,28.68
75.982,58,69.045,"Class2",22.386,29,"U",38.733,"V",49.828,64,58.01
27.383,70,41.983,"Class3",72.222,53,"F",43.732,"Q",68.404,83,78.889
34.372,59,41.227,"Class3",45.129,57,"U",58.963,"B",66.626,92,97.47
69.184,45,69.427,"Class2",67.602,41,"U",47.972,"M",50.44,30,56.304
68.438,96,21.198,"Class1",40.859,56,"P",25.061,"R",38.94,62,NA
71.766,40,73.425,"Class2",60.714,44,"C",50.018,"F",44.113,37,36.36
20.875,70,19.545,"Class3",69.701,58,"F",95.174,"E",65.425,89,71.072
72.957,36,63.39,"Class2",57.092,30,"N",48.573,"J",58.072,44,59.588
19.159,58,58.379,"Class3",69.732,56,"F",53.468,"Q",66.996,85,66.154
68.938,88,75.306,"Class1",65.266,58,"D",34.677,"O",28.999,53,46.344
74.784,38,65.036,"Class2",19.26,51,"M",54.037,"E",37.691,82,21.286
70.993,54,65.777,"Class2",-2.382,28,"M",52.327,"V",40.513,29,80.62
75.322,93,60.989,"Class1",16.452,51,"J",22.701,"L",23.241,55,20.949
27.308,53,56.668,"Class3",74.147,49,"U",83.805,"B",68.86,83,87.301
24.712,49,43.17,"Class3",59.482,60,"P",72.34,"Q",66.412,85,72.768
54.939,89,68.876,"Class1",82.691,66,"E",26.194,"T",34.642,61,NA
30.867,78,61.467,"Class3",81.759,54,"P",22.352,"E",66.931,87,68.524
54.773,94,60.001,"Class1",46.614,63,"K",29.049,"L",22.025,60,78.547
71.325,91,NA,"Class1",94.117,49,"D",28.399,"O",22.803,60,53.043
32.071,69,23.651,"Class3",62.028,54,"P",43.717,"S",67.09,89,82.254
18.73,59,80.605,"Class3",85.413,49,"H",73.302,"E",65.029,89,77.809
65.98,95,69.592,"Class1",57.011,33,"K",32.499,"T",27.828,65,30.533
74.212,63,69.087,"Class2",13.763,17,"U",41.509,"J",67.177,73,87.189
24.69,78,67.274,"Class3",70.225,59,"P",75.878,"Q",68.041,85,80.921
27.311,79,27.065,"Class3",72.858,52,"H",99.407,"Q",65.038,92,66.89
69.878,54,68.773,"Class2",109.43,29,"C",48.124,"F",43.69,40,80.339
19.079,56,53.096,"Class3",71.11,51,"H",89.862,"B",66.096,88,82.116
75.489,40,67.796,"Class2",58.033,20,"C",46.166,"E",46.431,51,80.476
77.389,88,48.093,"Class1",38.058,41,"E",14.881,"L",39.168,52,74.563
68.665,90,41.004,"Class1",77.053,64,"D",30.15,"T",23.573,50,54.796
30.755,74,77.834,"Class3",51.016,58,"W",62.797,"S",67.582,86,96.006
71.753,27,62.639,"Class2",33.128,41,"C",51.464,"V",50.376,23,89.57
70.226,43,72.593,"Class2",89.82,44,"N",41.384,"V",73.927,53,46.989
75.766,40,71.735,"Class2",43.792,39,"N",43.734,"F",47.182,65,27.497
23.305,71,42.939,"Class3",62.318,56,"F",56.192,"B",66.692,86,86.459
23.284,53,68.09,"Class3",60.433,58,"H",55.845,"B",68.268,85,NA
34.642,62,83.543,"Class3",57.596,49,"H",81.846,"S",68.767,84,86.637
73.864,25,70.267,"Class2",70.391,43,"R",46.224,"E",49.172,27,75.711
55.849,94,60.198,"Class1",47.646,56,"D",30.727,"C",24.309,58,83.669
24.82,83,36.057,"Class3",59.822,55,"F",81.623,"E",66.267,83,91.176
69.135,66,71.623,"Class2",52.211,33,"R",48.186,"M",70.717,52,88.793
34.161,56,89.147,"Class3",67.344,59,"F",39.679,"R",65.9,88,65.064
19.116,55,NA,"Class3",65.298,49,"W",74.241,"B",68.669,92,74.655
29.856,49,19.718,"Class3",64.715,54,"P",28.551,"S",65.798,83,68.273
69.989,40,69.51,"Class2",60.169,41,"U",50.587,"M",49.847,26,63.594
73.233,68,61.888,"Class2",62.811,38,"M",50.49,"M",46.927,72,85.867
62.773,94,35.538,"Class1",59.541,60,"K",25.144,"L",24.787,58,16.397
69.827,51,70.824,"Class2",12.517,27,"R",46.813,"V",45.15,85,55.326
77.207,97,62.173,"Class1",61.651,37,"P",29.391,"O",33.167,58,68.025
24.518,65,59.875,"Class3",54.681,55,"U",76.12,"Q",66.633,92,70.049
60.061,93,73.778,"Class1",40.128,59,"J",32.064,"R",39.372,50,74.658
32.231,80,60.462,"Class3",62.943,51,"F",35.931,"E",68.61,85,92.109
73.939,89,NA,"Class1",44.674,88,"P",36.415,"R",22.234,60,30.34
69.069,27,61.663,"Class2",38.622,22,"C",53.089,"F",44.112,64,29.89
69.64,80,74.271,"Class2",10.439,40,"C",56.472,"V",38.959,53,41.621
60.829,88,47.306,"Class1",2.892,47,"K",28.308,"L",37.046,50,58.519
71.068,95,59.248,"Class1",116.016,49,"J",23.243,"C",25.224,61,64.469
74.934,64,59.504,"Class2",54.761,39,"R",46.119,"F",43,55,39.523
55.451,94,46.549,"Class1",55.874,49,"K",35.305,"L",23.381,56,61.792
21.479,76,49.494,"Class3",62.417,54,"P",67.433,"Q",66.783,89,NA
62.226,95,31.212,"Class1",50.525,61,"P",25.464,"T",21.874,65,89.095
31.833,81,32.18,"Class3",81.042,51,"H",53.431,"E",68.445,86,81.554
72.515,54,70.242,"Class2",17.634,26,"R",49.102,"E",71.844,73,79.645
75.276,69,65.946,"Class2",22.516,38,"U",43.563,"J",46.495,21,38.878
71.368,97,48.516,"Class1",35.839,56,"D",31.403,"R",27.26,57,70.224
28.536,63,49.342,"Class3",78.816,50,"U",58.504,"R",66.691,89,71.433
63.624,91,41.676,"Class1",44.35,35,"E",23.329,"L",22.18,65,40.222
70.688,93,94.326,"Class1",32.612,98,"E",33.601,"T",32.538,56,60.002
17.388,60,48.826,"Class3",56.746,58,"H",53.143,"B",65.919,91,69.596
55.911,89,57.623,"Class1",42.746,54,"D",18.351,"O",29.19,60,29.246
66.742,85,60.927,"Class1",96.906,96,"D",32.021,"O",32.434,54,85.226
54.547,89,63.558,"Class1",97.517,39,"E",23.135,"C",22.052,57,89.063
19.818,78,43.744,"Class3",66.915,56,"H",97.286,"B",66.791,89,70.823
70.042,38,70.521,"Class2",40.769,25,"M",53.017,"F",41.959,63,49.783
73.264,80,61.545,"Class2",74.304,42,"C",43.294,"V",44.704,73,55.99
61.984,98,30.153,"Class1",29.876,48,"J",32.519,"C",24.859,54,88.251
71.837,27,56.684,"Class2",83.822,27,"U",45.907,"M",37.82,34,48.127
69.997,76,NA,"Class2",99.979,33,"U",42.533,"V",45.321,46,28.565
29.939,81,76.39,"Class3",62.567,58,"F",67.373,"R",68.835,88,75.578
69.852,31,66.556,"Class2",-16.181,27,"R",35.888,"M",58.484,53,21.543
59.084,89,42.776,"Class1",31.344,60,"D",25.302,"R",26.651,50,78.298
69.259,93,58.544,"Class1",25.844,98,"J",28.291,"C",30.614,58,81.75
70.611,62,73.046,"Class2",32.023,41,"U",52.137,"V",41.558,52,45.39
72.657,95,28.917,"Class1",46.832,59,"K",30.05,"C",33.665,60,25.841
77.392,87,66.473,"Class1",98.314,38,"E",24.166,"C",36.563,59,33.139
75.479,96,53.325,"Class1",61.829,57,"P",38.174,"T",37.094,60,31.415
29.277,49,88.005,"Class3",74.989,55,"P",45.85,"Q",68.255,89,NA
70.84,77,62.533,"Class2",67.769,47,"U",39.934,"E",51.739,23,27.775
73.951,24,66.816,"Class2",73.303,32,"C",48.958,"F",66.708,21,56.393
32.053,75,41.617,"Class3",59.315,49,"H",71.72,"Q",65.605,87,82.959
25.33,72,35.077,"Class3",70.656,52,"P",43.157,"S",65.749,85,NA
72.899,98,75.79,"Class1",25.411,44,"J",29.128,"L",31.251,57,40.772
56.84,87,47.693,"Class1",57.589,56,"J",28.122,"L",26.223,61,45.759
55.331,92,47.479,"Class1",5.76,69,"D",24.851,"L",20.546,59,36.476
73.607,36,67.639,"Class2",69.401,43,"N",44.079,"J",61.104,71,29.741
79.997,91,18.838,"Class1",-14.55,88,"E",23.977,"C",23.761,53,39.372
75.14,67,67.4,"Class2",47.108,48,"N",46,"M",42.233,59,36.676
71.422,88,52.44,"Class1",18.032,77,"J",33.405,"R",25.241,57,60.947
28.708,63,34.607,"Class3",55.589,57,"U",57.264,"Q",68.157,87,64.352
72.933,87,21.939,"Class1",71.449,63,"P",29.635,"C",35.287,59,89.403
70.805,74,67.848,"Class2",46.461,22,"M",43.694,"F",50.615,31,79.188
64.979,87,39.93,"Class1",56.424,86,"E",27.669,"O",29.513,62,19.729
21.635,61,68.387,"Class3",58.619,54,"U",55.639,"B",68.518,85,87.254
62.096,93,76.106,"Class1",74.496,70,"P",20.484,"O",34.164,57,81.701
76.753,85,42.664,"Class1",41.559,46,"P",27.806,"R",22.959,57,31.036
76.528,91,58.617,"Class1",38.357,57,"K",30.082,"L",35.155,56,86.487
75.202,64,70.282,"Class2",34.896,18,"N",44.858,"E",64.503,36,39.427
24.163,53,52.172,"Class3",55.707,49,"U",78.579,"Q",67.512,83,65.431
66.138,91,59.577,"Class1",75.437,65,"K",29.315,"C",31.94,50,78.134
69.392,61,58.874,"Class2",80.27,36,"N",52.552,"M",60.465,66,34.1
73.735,75,58.475,"Class2",54.706,34,"U",48.128,"J",60.098,25,NA
69.524,45,NA,"Class2",38.934,33,"N",45.64,"E",46.997,53,46.242
68.826,91,46.427,"Class1",50.74,83,"K",27.907,"T",21.904,59,25.959
72.099,66,63.251,"Class2",42.78,40,"C",51.268,"J",37.303,59,30.168
74.798,55,67.555,"Class2",6.899,51,"R",37.575,"J",66.869,48,79.188
70.538,73,60.063,"Class2",59.837,43,"U",44.117,"E",63.608,53,43.494
78.751,91,44.598,"Class1",98.338,88,"P",34.299,"C",23.258,54,55.02
25.793,57,NA,"Class3",78.631,52,"W",99.217,"B",67.562,87,64.477
69.971,77,63.441,"Class2",19.821,39,"R",60.168,"V",53.647,72,34.24
26.643,67,45.952,"Class3",77.046,49,"F",71.633,"Q",67.409,93,78.22
75.773,70,67.804,"Class2",71.919,46,"C",39.823,"M",40.691,85,NA
58.634,92,64.647,"Class1",38.727,98,"D",26.476,"T",26.594,57,65.859
70.037,29,76.708,"Class2",85.617,20,"M",54.915,"J",37.314,64,21.968
74.738,59,63.196,"Class2",17.542,36,"C",51.055,"V",47.859,76,41.24
75.95,72,72.13,"Class2",3.668,30,"R",42.908,"E",40.506,73,52.027
75.87,42,68.905,"Class2",39.067,48,"U",38.935,"F",43.92,19,46.924
26.617,79,44.413,"Class3",77.349,55,"F",55.471,"S",65.574,90,67.22
70.491,88,37.559,"Class1",119.65,38,"J",21.976,"T",32.498,55,85.244
71.032,88,60.637,"Class1",73.802,34,"J",22.739,"C",30.661,59,42.352
69.527,55,59.583,"Class2",53.104,26,"C",41.854,"J",71.42,38,55.67
30.862,64,53.411,"Class3",72.356,56,"H",97.364,"S",65.848,88,71.698
25.917,48,35.632,"Class3",71.479,51,"W",57.848,"B",65.393,84,86.492
54.935,87,64.303,"Class1",56.848,86,"P",24.905,"C",33.516,64,73.536
20.958,70,35.341,"Class3",69.625,52,"F",44.085,"B",65.159,91,73.287
24.81,50,27.433,"Class3",64.857,56,"F",43.385,"E",68.932,90,68.113
33.653,73,53.992,"Class3",78.638,50,"P",39.545,"R",67.942,86,90.169
69.182,75,62.557,"Class2",78.943,25,"N",50.407,"J",38.958,44,45.382
70.773,89,57.494,"Class1",31.943,79,"D",26.715,"L",21.698,56,60.063
73.309,32,62.274,"Class2",23.558,47,"U",46.821,"M",39.447,83,39.308
78.794,96,47.726,"Class1",11.671,90,"E",23.041,"L",35.417,63,80.432
71.342,80,68.452,"Class2",25.567,26,"C",49.593,"E",37.915,52,46.294
72.506,98,65.282,"Class1",-9.043,67,"K",30.559,"O",26.077,62,NA
71.914,97,47.033,"Class1",18.34,69,"E",41.053,"O",20.603,64,83.214
70.956,75,67.718,"Class2",73.962,21,"M",53.13,"F",55.705,55,61.011
71.558,70,65.365,"Class2",39.346,18,"R",43.545,"E",70.582,28,71.361
21.665,68,23.312,"Class3",77.304,50,"P",54.256,"R",66.385,84,96.769
24.814,68,40.447,"Class3",72.37,59,"P",56.135,"R",65.231,93,NA
76.081,97,34.585,"Class1",48.256,84,"D",38.71,"O",22.916,60,27.278
72.941,55,67.992,"Class2",27.67,30,"R",56.804,"F",61.555,60,82
68.307,96,42.689,"Class1",119.696,65,"D",24.135,"L",26.935,63,35.335
22.131,71,48.965,"Class3",66.617,50,"F",58.725,"S",67.456,83,88.993
24.822,81,44.631,"Class3",80.222,54,"W",58.078,"Q",68.262,83,64.826
29.887,56,50.14,"Class3",53.776,51,"P",88.32,"R",67.624,86,92.323
75.047,77,71.095,"Class2",80.063,49,"M",41.116,"F",46.91,62,54.367
19.219,77,13.896,"Class3",55.556,58,"F",73.438,"E",65.378,92,89.628
21.133,54,15.119,"Class3",69.61,55,"P",64.486,"Q",65.778,84,94.073
71.401,70,69.049,"Class2",69.924,36,"R",50.728,"E",56.61,32,85.43
72.36,71,68.86,"Class2",3.049,24,"N",49.685,"F",42.839,26,82.176
21.944,69,51.676,"Class3",58.76,49,"F",67.845,"R",65.369,89,84.397
27.896,48,56.665,"Class3",51.51,60,"U",59.088,"R",66.854,83,81.638
70.688,56,68.213,"Class2",25.971,36,"N",50.435,"V",38.418,24,35.339
56.169,93,62.874,"Class1",55.915,46,"J",32.933,"O",21.195,62,84.182
23.146,50,32.985,"Class3",77.536,49,"P",52.768,"R",68.782,90,89.937
31.112,51,31.134,"Class3",79.356,49,"U",63.281,"B",67.827,85,82.121
69.848,45,51.691,"Class2",-32.134,21,"U",39.508,"V",49.69,19,88.667
69.637,56,71.734,"Class2",-53.495,17,"N",53.093,"J",45.677,39,45.091
23.725,57,60.15,"Class3",49.063,52,"F",57.011,"E",66.268,84,81.563
65.934,96,45.022,"Class1",38.317,66,"D",35.308,"R",37.953,64,85.197
27.92,53,74.716,"Class3",70.078,53,"F",63.659,"Q",66.067,87,65.52
26.029,67,41.568,"Class3",66.513,58,"F",63.027,"S",67.777,88,84.377
70.776,91,68.377,"Class1",29.922,53,"E",21.439,"T",33.243,63,50.284
29.341,57,72.072,"Class3",68.239,60,"F",61.647,"S",68.615,88,91.785
30.333,71,58.556,"Class3",55.299,52,"H",71.034,"S",67.926,84,84.539
17.844,50,39.003,"Class3",66.009,59,"F",103.312,"E",65.619,93,72.143
56.084,95,43.794,"Class1",37.888,41,"J",35.162,"O",38.202,64,60.427
73.01,72,70.799,"Class2",35.574,39,"C",46.211,"F",38.291,45,57.203
25.479,70,41.688,"Class3",67.83,53,"F",65.8,"Q",66.623,92,77.17
56.784,95,38.072,"Class1",-10.651,94,"J",30.47,"R",21.853,56,77.585
70.976,49,65.77,"Class2",68.348,19,"U",53.131,"V",57.295,44,85.237
72.023,68,70.111,"Class2",-62.912,36,"C",47.24,"E",67.884,56,27.129
74.287,34,72.438,"Class2",44.489,41,"M",56.993,"M",60.271,87,65.058
29.565,51,41.444,"Class3",50.174,59,"F",59.135,"Q",66.806,90,85.492
32.957,70,NA,"Class3",74.777,53,"W",64.598,"E",67.584,88,95.554
64.339,95,65.271,"Class1",58.577,36,"E",37.617,"L",21.25,55,NA
17.585,55,60.328,"Class3",80.159,50,"P",58.267,"S",68.522,86,91.155
34.834,64,31.864,"Class3",56.934,58,"U",83.785,"E",65.665,91,65.586
22.15,77,33.424,"Class3",84.106,57,"W",54.876,"S",65.677,91,NA
20.142,82,11.045,"Class3",63.391,57,"H",77.104,"E",65.833,90,75.727
70.978,47,71.056,"Class2",67.062,22,"U",46.203,"J",50.338,58,81.078
71.752,43,NA,"Class2",73.961,31,"M",42.004,"V",69.919,46,22.196
59.798,97,63.137,"Class1",96.107,89,"P",16.301,"C",22.61,58,18.395
74.925,33,64.924,"Class2",11.346,28,"U",45.475,"V",62.178,89,79.18
55.002,92,69.745,"Class1",81.306,68,"P",22.478,"C",37.565,57,21.619
69.913,70,60.567,"Class2",5.988,23,"C",54.078,"F",66.277,25,72.663
75.249,61,64.602,"Class2",84.511,23,"M",54.257,"V",49.631,64,64.859
23.777,75,77.603,"Class3",67.26,54,"H",85.148,"E",66.194,90,68.023
75.995,53,63.711,"Class2",12.648,40,"C",42.13,"F",51.173,68,72.887
74.607,96,59.052,"Class1",26.623,85,"E",31.328,"O",32.626,62,27.98
62.079,92,NA,"Class1",80.548,57,"D",21.829,"C",37.108,59,91.608
19.666,79,43.166,"Class3",73.825,50,"F",43.562,"E",67.324,87,81.608
71.782,34,69.177,"Class2",106.093,36,"R",50.234,"J",46.725,79,41.724
20.412,74,20.011,"Class3",65.184,51,"P",114,"B",65.818,87,77.217
73.909,50,62.88,"Class2",46.841,49,"N",38,"M",63.591,35,65.538
70.297,78,69.532,"Class2",21.338,46,"C",48.165,"J",65.88,31,82.054
25.985,80,19.493,"Class3",40.983,56,"W",90.022,"Q",67.844,89,74.636
70.068,35,65.968,"Class2",61.303,44,"U",41.985,"E",71.487,44,55.595
70.844,67,66.681,"Class2",40.883,29,"C",54.364,"E",42.587,25,45.739
71.741,79,60.027,"Class2",73.184,21,"M",56.122,"V",49.216,71,76.881
28.802,67,43.297,"Class3",76.714,49,"P",103.987,"R",65.691,86,94.112
61.06,86,64.012,"Class1",131.776,48,"J",24.101,"C",31.138,53,82.913
78.609,96,54.693,"Class1",21.786,68,"P",16.094,"L",26.915,61,24.58
78.623,93,65.4,"Class1",98.683,35,"E",30.276,"L",33.906,60,24.695
20.997,82,57.079,"Class3",59.601,60,"P",91.682,"B",68.041,90,96.087
19.917,47,61.6,"Class3",59.212,58,"W",83.234,"S",68.079,83,69.641
68.05,89,40.069,"Class1",45.998,76,"K",31.034,"T",28.704,58,74.587
59.531,92,36.265,"Class1",46.942,85,"P",35.425,"T",23.352,51,78.25
28.104,61,62.961,"Class3",61.634,54,"H",48.169,"Q",68.169,91,72.618
78.497,98,56.582,"Class1",60.106,38,"P",36.438,"T",21.067,52,84.237
34.3,69,30.321,"Class3",73.167,53,"W",68.237,"B",67.839,93,78.379
75.258,59,67.009,"Class2",52.619,22,"R",46.649,"J",57.668,65,53.057
58.539,87,55.991,"Class1",24.294,93,"K",33.721,"C",25.879,64,NA
75.327,24,66.31,"Class2",87.929,19,"N",42.449,"J",45.778,66,66.27
78.312,92,41.401,"Class1",75.157,45,"D",31.874,"O",26.604,57,68.732
73.457,75,72.086,"Class2",41.499,49,"U",43.756,"V",70.152,64,67.854
22.331,78,43.687,"Class3",55.584,53,"F",62.539,"R",68.049,91,91.68
31.971,53,20.664,"Class3",53.042,56,"W",74.612,"R",65.077,88,82.263
29.035,63,67.561,"Class3",77.322,49,"F",69.32,"Q",67.427,84,97.916
17.175,73,55.682,"Class3",73.089,58,"W",87.77,"E",67.801,89,79.928
79.867,95,43.495,"Class1",11.393,50,"K",21.005,"L",30.442,62,19.001
70.516,98,NA,"Class1",41.691,84,"J",27.061,"O",30.582,59,82.523
27.466,71,57.18,"Class3",70.525,58,"P",65.546,"B",65.552,91,94.575
71.951,98,74.792,"Class1",-8.673,42,"J",23.717,"O",34.043,52,40.703
75.311,91,69.558,"Class1",69.806,69,"J",31.841,"R",20.908,50,52.536
73.728,89,59.649,"Class1",1.504,84,"K",22.307,"T",21.647,54,90.448
74.305,41,68.298,"Class2",25.672,43,"U",44.653,"M",61.762,27,79.045
22.168,75,77.987,"Class3",68.616,60,"P",47.809,"E",68.066,90,67.96
31.939,70,66.975,"Class3",63.297,58,"W",71.758,"S",66.331,88,78.295
72.071,73,61.038,"Class2",79.279,37,"R",38.987,"F",42.518,45,NA
72.095,66,73.035,"Class2",38.367,51,"R",46.191,"F",67.228,44,71.129
71.325,39,67.021,"Class2",53.734,27,"C",43.403,"M",64.865,58,64.7
69.033,60,71.426,"Class2",70.542,20,"N",35.325,"E",52.23,85,23.662
26.106,80,36.696,"Class3",74.497,56,"W",36.985,"S",68.015,86,89.2
25.449,65,44.493,"Class3",63.745,59,"P",69.973,"Q",65.845,85,71.827
71.138,67,69.176,"Class2",69.326,18,"N",56.317,"E",73.093,70,80.425
72.668,96,58.602,"Class1",98.102,33,"P",29.814,"O",38.743,50,52.702
58.352,87,58.963,"Class1",97.836,55,"J",34.824,"O",38.4,54,59.896
59.146,94,59.991,"Class1",86.484,61,"K",29.26,"L",37.818,52,27.395
73.815,39,59.259,"Class2",24.142,37,"N",40.361,"E",65.808,35,60.506
32.944,83,85.468,"Class3",62.814,52,"P",73.695,"Q",65.43,90,92.175
63.711,85,35.719,"Class1",82.239,66,"J",36.583,"T",24.688,62,33.637
67.093,94,47.706,"Class1",40.084,84,"D",24.774,"C",26.288,65,85.167
74.875,25,75.778,"Class2",1.323,17,"R",45.083,"J",59.162,43,33.184
74.929,46,66.918,"Class2",3.666,48,"U",56.757,"E",44.594,42,64.967
34.726,77,44.093,"Class3",64.589,53,"H",44.977,"S",66.287,88,65.35
72.098,79,66.839,"Class2",43.073,45,"R",43.97,"V",55.874,64,85.563
74.935,50,68.666,"Class2",77.681,17,"M",62.953,"F",60.192,88,79.136
30.233,74,68.678,"Class3",64.948,54,"P",76.965,"R",68.21,90,79.075
73.522,51,67.024,"Class2",45.27,23,"M",46.963,"E",46.908,36,33.347
70.135,98,77.687,"Class1",61.521,41,"D",22.038,"L",23.228,60,55.62
72.55,68,65.444,"Class2",71.705,43,"C",49.065,"V",43.133,75,78.556
54.698,94,42.483,"Class1",38.456,35,"P",30.024,"O",23.072,57,83.996
30.781,63,52.239,"Class3",78.135,60,"W",91.225,"E",67.379,83,84.618
77.758,85,56.616,"Class1",57.121,90,"J",23.941,"C",22.673,53,21.426
31.295,65,41.561,"Class3",65.955,58,"W",85.728,"B",65.344,88,84.428
20.107,51,86.731,"Class3",65.645,50,"P",62.471,"R",68.349,84,64.669
68.334,90,58.702,"Class1",72.881,97,"E",25.389,"L",30.702,64,69.687
19.912,50,69.99,"Class3",72.175,57,"F",84.931,"B",66.045,87,83.054
77.933,85,59.813,"Class1",10.87,66,"D",21.612,"C",35.843,51,29.061
21.508,50,24.606,"Class3",70.51,51,"P",75.117,"E",65.896,85,70.652
75.72,89,39.217,"Class1",54.399,67,"J",17.96,"C",39.473,60,56.877
62.893,98,70.335,"Class1",32.401,39,"K",16.818,"R",31.336,51,81.806
79.541,94,57.678,"Class1",58.697,68,"P",30.259,"R",21.062,55,55.893
34.588,55,NA,"Class3",63.922,50,"U",50.563,"R",68.078,83,79.988
75.747,75,58.842,"Class2",8.167,24,"U",51.313,"F",70.735,84,89.977
70.603,50,64.983,"Class2",72.117,34,"U",49.906,"J",66.482,85,83.66
71.253,75,71.568,"Class2",64.246,51,"N",52.454,"V",51.442,20,24.072
32.661,74,62.446,"Class3",69.069,49,"P",78.627,"B",68.289,84,84.156
22.245,71,37.763,"Class3",63.347,50,"W",74.795,"Q",65.411,86,NA
71.831,27,68.229,"Class2",4.912,49,"M",44.372,"F",61.626,19,79.846
69.661,43,68.008,"Class2",47.847,33,"M",45.036,"V",43.276,33,43.747
70.364,66,66.185,"Class2",-19.074,28,"U",41.881,"M",45.043,23,80.021
59.142,95,56.837,"Class1",47.76,98,"P",24.345,"L",39.411,50,68.275
22.238,68,62.271,"Class3",78.104,60,"W",28.572,"E",66.61,90,63.897
67.472,96,37.975,"Class1",46.474,90,"P",19.626,"R",20.979,62,22.106
57.698,90,39.562,"Class1",10.198,42,"K",31.593,"T",36.784,61,16.22
72.108,68,67.552,"Class2",35.439,20,"R",46.536,"F",39.624,58,34.835
69.29,92,59.361,"Class1",55.046,39,"P",27.064,"T",24.711,54,31.505
34.876,51,78.228,"Class3",68.914,54,"F",72.536,"E",65.647,88,94.935
24.56,66,51.783,"Class3",59.074,59,"P",50.743,"B",68.659,86,NA
22.389,48,44.347,"Class3",64.666,55,"F",37.338,"Q",68.033,93,73.547
74.319,41,63.843,"Class2",68.964,52,"U",42.114,"M",65.004,20,68.045
27.992,67,NA,"Class3",83.292,53,"U",105.735,"S",68.215,92,87.567
19.049,53,46.67,"Class3",42.309,58,"H",44.276,"R",65.313,84,88.056
71.96,77,67.064,"Class2",17.197,39,"R",43.68,"J",51.807,76,46.396
72.393,96,57.547,"Class1",68.753,40,"K",27.253,"O",38.79,62,41.418
72.921,92,53.76,"Class1",37.649,85,"E",26.674,"R",23.556,50,62.762
54.769,90,51.917,"Class1",83.03,88,"P",32.094,"R",29.019,53,68.841
54.648,98,22.988,"Class1",22.973,40,"K",32.85,"T",28.293,51,56.978
32.011,68,72.287,"Class3",69.66,53,"W",27.677,"R",66.005,86,87.696
71.082,98,20.974,"Class1",93.28,53,"E",23.285,"T",21.774,51,85.596
24.319,66,37.736,"Class3",63.734,60,"W",78.379,"E",67.418,92,90.421
73.766,67,74.452,"Class2",5.479,18,"N",42.698,"F",74.915,67,33.627
68.481,87,48.243,"Class1",64.637,78,"K",28.401,"O",20.257,53,58.917
70.52,88,67.474,"Class1",42.975,72,"J",26.939,"T",20.826,64,48.674
33.792,48,51.201,"Class3",67.328,50,"P",52.431,"S",68.665,83,76.821
63.153,89,81.981,"Class1",-28.887,33,"J",29.979,"T",29.605,55,41.95
74.619,31,67.209,"Class2",39.952,36,"R",42.525,"J",62.713,25,61.162
73.924,79,65.829,"Class2",76.677,40,"N",42.884,"E",44.142,69,84.226
72.256,96,50.35,"Class1",40.688,63,"J",31.586,"R",38.888,50,59.925
56.999,92,60.541,"Class1",26.143,39,"E",35.524,"R",22.218,61,81.076
72.437,79,67.66,"Class2",39.415,45,"M",48.67,"M",69.524,50,78.877
18.473,48,18.539,"Class3",49.328,53,"P",34.927,"R",65.911,83,89.154
72.747,32,67.206,"Class2",22.581,34,"M",43.641,"J",59.897,67,43.057
76.918,87,52.46,"Class1",41.157,53,"P",24.392,"T",20.232,51,58.59
72.66,69,69.969,"Class2",77.351,48,"M",41.168,"M",62.357,44,23.928
72.22,59,NA,"Class2",43.329,49,"C",45.411,"V",49.817,28,63.368
25.883,78,65.977,"Class3",62.06,51,"P",71.826,"B",67.201,91,96.607
24.016,83,75.784,"Class3",74.077,60,"W",96.211,"S",67.49,91,78.397
64.284,89,55.753,"Class1",86.042,56,"P",25.795,"T",37.511,51,57.7
24.264,63,54.674,"Class3",68.722,49,"H",101.849,"R",68.498,84,92.855
56.425,93,57.193,"Class1",3.977,74,"E",28.609,"L",28.75,59,89.848
55.172,87,61.198,"Class1",44.729,80,"K",27.844,"T",35.472,63,22.092
30.503,50,23.086,"Class3",72.667,55,"H",86.624,"Q",67.419,84,68.577
